SMILES,Min_PE
NC(=O)C1=CN=C2N1CCC1=C(C=CC=C1)C21CCNCC1,-3397.93057
CC1=C2C=CC=CC2=C(CN2CCOCC2)C2=C1C=CC=C2,-3220.7996
C1C[N+]2(CC3=CCOC4CC(=O)N5C6C4C3CC2C61C7=CC=CC=C75)O,-4144.86043
CN1C2=C(C=CC=C2)SC2=C1C=CC=C2,-2107.88912
O=C(O)CNC(=O)C1=CC=CC=C1,-2299.54184
C1=CC=C(C2=NC3N=CN=CC3=N2)C=C1,-2200.76581
C1=CC2=C(C=C1Cl)NC(=N2)C3=CC=C(O3)[N+](=O)[O-],-3138.76119
O=C(O)CC1=C(C2=CC=C(Cl)C=C2)N=C(C2=CC=CC=C2)S1,-3470.31924
CCOC1=NO[N+](=C1S(=O)(=O)C2=CC=CC=C2)[O-],-3383.85951
CCOC(=O)C1=CC=C(O)C=C1,-2126.61979
CCCOC(=O)C1=CC=C(O)C=C1,-2276.54156
O=C1CC(=O)CC(C2=CC=CC=C2)C1,-2226.76472
CCCCOC(=O)C1=CC=C(O)C=C1,-2426.52719
COC(=O)C1=CC=C(C(=O)OC)C=C1,-2544.42988
CC1=CC=C(S(=O)(=O)N(Cl)Cl)C=C1,-2439.28209
O=C(O)COC1=C(Cl)C=C(Cl)C=C1Cl,-2736.78794
CCC1OC(=O)C2=C1C=CC(C#N)=C2,-2248.72308
CCNC1=NC(NCC)=NC(SC)=N1,-2293.59846
O=P1(N(CCCl)CCCl)NCCCO1,-2736.99047
CC1=NC2=C(C=CC=C2)N=C(C)C1,-1885.17841
CC1=CC2=C(C=C1)S(=O)(=O)C=C2,-1980.06613
CCCCOC(=O)C1=CC=C(N)C=C1,-2331.06611
CC1=CC(=O)OC2=C3CCCN4CCCC(=C34)C=C12,-2972.13408
CC1=NN=C2CN=C(C3=CC=CC=C3)C3=C(C=CC(Cl)=C3)N12,-3273.50067
CCSC(=O)N1CCCCCC1,-1994.21818
CC1=CS(=O)(=O)C2=C1C=CC=C2,-1980.06001
CC1(C)SCC(COC(N)=O)S1,-2166.83919
CCOC(=O)C1=C(C)C=C(C)N1,-2058.37011
NC(=O)OCC1COC2(CCCCC2)O1,-2826.45008
NC(=O)OCC1CSC2(CCCCC2)S1,-2589.45581
NC(=O)N1C2=C(C=CC=C2)C=CC2=C1C=CC=C2,-2671.6388
CC1=CC2=CC3=C(C=C2O1)OC(=O)C=C3C,-2617.05667
CC1=CC2=CC=CC(O)=C2N=C1C,-1981.34875
O=C(O)C1=NC2=CC=CC=C2C=C1,-2099.18008
O=C(O)C1=CC=C2N=CC=CC2=C1,-2099.46882
C1=CC2=C(C=C1)C1=C(C=NC=C1)N2,-1830.84536
O=S(=O)(C1=CC=CC=C1)N(Br)Br,-2199.91903
NC(=O)OCC1CSC2(CCCCC2)O1,-2707.85094
O=C(O)C1=C2N=CC=CC2=CC=C1,-2099.2991
O=C(O)C1=C2C=CC=NC2=CC=C1,-2099.37231
CC(=O)CC(C1=CC=CC=C1)C1=C(O)C2=C(C=CC=C2)OC1=O,-3730.64617
CC(C)C1OCC2(CO1)COC(C(C)C)OC2,-3102.65739
COC1=CC(OC)=CC(OC)=C1,-2152.56916
CCCCOC(=O)C1=CN=CC=C1,-2180.77349
CSC1=NC2=NC=NC=C2N=C1,-1861.24339
CSC1=NC=C2N=CC=NC2=N1,-1860.94336
CC1=NC=C2N=C(C)C(C)=NC2=N1,-1984.79049
O=C(O)CCN1C=CC=CC1=O,-2176.86453
CC12C=CC(=O)C=C1CCC1C2C(O)CC2(C)C1CCC2(O)C(=O)CO,-4434.01351
CC12CCC(=O)C=C1CCC1C2C(O)CC2(C)C1CCC2(O)C(=O)CO,-4461.91204
CC12CCC(=O)C=C1CCC1C2C(=O)CC2(C)C1CCC2(O)C(=O)CO,-4435.04748
O=P1(N(CCCl)CCCl)NCCCCO1,-2886.92159
CC1(C)N=C(C2=CC=CC=C2)NC1=O,-2180.72538
C1OC2=C(O1)C=C(C(=C2)CO)[N+](=O)[O-],-2735.9853
COC(=O)C1=C(C(=O)C2=CC=CC=C2)C=CC=C1,-2889.61632
C1=CC=C(CNC23OC4C5C6CC(C7C6C4C72)C53)C=C1,-2947.73757
CCC1=NC2=CN=CN=C2N=C1CC,-2134.44018
CC1=NN(C2=CC=CC=C2)C(N)=C1,-1934.14279
CC1(C)OC(=O)C2=C1C=CC(C#N)=C2,-2248.87398
CSC1=C2N=CC=NC2=NC=N1,-1861.19403
COC1=CC2=C(C=CC(=O)O2)C=C1,-2221.43596
C=CCC1=CC=C2C=NC=NC2=C1O,-2152.71139
CCOS(=O)(=O)C1=CC=CC=C1,-2180.06848
CNC(=O)OC1=CC=CC2=C1OC(C)(C)C2,-2748.86933
CN(C)C1=NC=C2N=CC=NC2=N1,-2033.83179
CN(C)C1=NC2=NC=NC=C2N=C1,-2033.87045
C1=CC2=C(C=C1)SC1=C(C=CC=C1)N2,-1958.30644
O=C(O)CC1=CNC2=C1C=CC=C2,-2126.78065
COC1=C(OC)C2=C(COC2=O)C(Br)=C1,-2752.28517
CC1=NC=CC2=C1NC1=C2C=CC=C1,-1980.98847
CC1=NN(C2=CC=CC=C2)C(N)=C1C,-2084.20488
CCC1(CC)CCC(=O)NC1=O,-2086.36336
CCOC(=O)C1=CNC(=S)N=C1,-2107.24076
O=S1(=O)C2=C(C=CC=C2)C2=C1C=CC=C2,-2348.5005
CCCC1=NC=NC2=C(O)C=CC=C12,-2180.8632
C1=CC=C2C(=C1)C=CC(=N2)C[N+](=O)[O-],-2295.86494
ON=C1C=CC(=NO)C2=C1C=CC=N2,-2345.69707
CCCCCCNC(=O)C1=CN=CC=C1,-2385.22466
CC1=CC=NC(NC(=O)C2=CN=CC=N2)=N1,-2575.31084
CCC1(C)NC(=O)C(C)(CC)NC1=O,-2435.91958
O=C1C=CC2=NC3=C(C=CC=C3)SC2=C1,-2225.38332
O=C(NC1=CC=CC=N1)C1=CN=CC=C1,-2325.68648
FC(F)(F)C1=NC2=C(C=NC=N2)N1,-2918.44137
CC1=NC2=C(N=C1C)C(=O)NC=N2,-2130.51487
CC1=CC=C(C2=NC3=C(C=CC=C3)S2)C=C1,-2230.65189
O=C1C=CC2=C(C=C3OC=CC3=C2)O1,-2316.64034
CC1=C(O)C(=O)C=CN1C1=CC=CC=C1,-2398.58647
CC1=CC=C(N2C=CC(=O)C(O)=C2C)C=C1,-2548.47645
CC(C)NCC(O)COC1=C2C=CNC2=CC=C1,-2952.39836
CCCCCCCNC(=O)C1=CN=CC=C1,-2535.2204
C1=COC(C2=NC3=C(C=CC=C3)N2)=C1,-2125.1259
CCOP(=S)(OCC)OC1=C(Cl)C=C(Cl)C(Cl)=N1,-3482.14107
CC1=NC(=O)C(C(N)=O)C(=O)N1,-2276.85708
COC1=C(C(=O)O)OC2=C1C=CC=C2,-2516.33244
CC1=CC2=C(C=C1)NC(=O)C(=O)N2,-2177.02182
O=C1NC(=O)C2=C(N1)NC(=O)N2,-2299.75943
O=C1NC(=S)C2=C(N1)NC(=O)N2,-2180.63782
O=C1CNC(=O)C2=C(C=CC=C2)N1,-2176.84021
CN(C)C1=C2N=CC=NC2=NC=N1,-2033.93714
CC(=O)NC1=CC2=C(C=C1)COC2=O,-2422.14061
C1C2=C(C=C(C=C2)[N+](=O)[O-])C(=O)O1,-2414.10612
O=C(NC1CCCCC1)C1=CN=CC=C1,-2358.11016
CN1C2=C(C=CC=C2)C(=O)C2=C1C=CC=C2,-2349.16627
COC1=CC=C2COC(=O)C2=C1OC,-2543.48665
CCC1=NC2=CN=C(N)N=C2N=C1CC,-2334.50927
CC(=O)CC(CC(=O)O)C1=CC=CC=C1,-2549.47974
NC1=NC(=O)NN1C1=CC=CC=C1,-2129.43588
CC=CCC1(CC=CC)C(=O)NC(=O)NC1=O,-2949.35584
NC1=NC(=O)N(C2=CC=CC=C2)N1,-2129.45674
O=C1C=C(C(=O)O)OC(C(=O)O)=C1,-2684.81215
CC1=NC2=C(N=CN=C2)N(C)C1=O,-2130.44968
CCC1(CC)C(=O)NC(=O)NC1=O,-2404.85281
CCC1(CC)C(=O)NC(=S)NC1=O,-2285.6208
O=C1CC(C(=O)O)CC2=C1C=CC=C2,-2372.65854
O=C(C1=CC=CO1)N(O)C1=CC=CC=C1,-2542.02462
CN1C=NC2=C1C(=O)NC(=O)N2C,-2303.54915
CC1=CC(OC2=CC=CC=N2)=NN1C,-2228.67215
NC1=NN=C(C2=CC=C(O)C=C2)O1,-2224.92606
COC(=O)C1=CC2=CC3=C(OC(=O)C=C3C)C(C)=C2O1,-3480.13593
CCCCCCCCNC(=O)C1=CN=CC=C1,-2685.11779
CC12CC(C)(NC(=O)N1)NC(=O)N2,-2359.16117
CCC1(CC)NC(=O)C(CC)(CC)NC1=O,-2735.75999
CC1=C(CC(=O)O)C(=O)NC(=O)N1,-2523.24017
O=C1C=NC2=C(N1)NC(=O)NC2=O,-2422.3254
C=CCC1(CC=C)C(=O)NC(=O)NC1=O,-2649.0126
O=C(O)CC1=CNC(=O)NC1=O,-2373.11627
CCCCCCCCNC(=O)C(C)O,-2440.08119
CCN(CC)S(=O)N(CC)CC,-2097.3952
CC(C)C(NCCC#N)C(=O)O,-2134.9873
CCC(C)C(NCCC#N)C(=O)O,-2284.93883
CC(C(=O)O)N(CCC#N)CCC#N,-2429.74487
CCOP(=O)(OCC)SCCSCC,-2657.3172
COP(=O)(OC)C(O)C(Cl)(Cl)Cl,-2758.86706
CCOP(=S)(OCC)SCSC(C)(C)C,-2688.84365
C(CCO[N+](=O)O)CO[N+](=O)O,-2763.35905
CCCCOP(=O)(OCCCC)OCCCC,-3199.21284
CC(CCO[N+](=O)O)O[N+](=O)O,-2763.31181
NCC(=O)NCC(=O)NCC(=O)O,-2626.52436
CC(CC(C)O[N+](=O)O)O[N+](=O)O,-2913.4111
C(CCO[N+](=O)O)CCO[N+](=O)O,-2913.28189
CC(C)CC(C(=O)O)N(CCC#N)CCC#N,-2879.6198
CC(CCC(C)O[N+](=O)O)O[N+](=O)O,-3063.43148
CSCCC(C(=O)O)N(CCC#N)CCC#N,-2906.0677
CC(O)C(O)C(O)C(O)C=NNC(N)=O,-3097.83587
CCC1=NC2=C(N=C1CC)C(=O)NC=N2,-2430.27675
NC(CSCCSCC(N)C(=O)O)C(=O)O,-3106.84662
NC(CSCCCSCC(N)C(=O)O)C(=O)O,-3256.78596
NC(CSCCCCSCC(N)C(=O)O)C(=O)O,-3406.76206
NC(=O)NCC(=O)NCC(=O)NCC(=O)O,-3245.2241
NC(CSCCCCCSCC(N)C(=O)O)C(=O)O,-3556.76867
NC(CSCCCCCCSCC(N)C(=O)O)C(=O)O,-3706.73188
NC1=C2NC(=O)N=C2NC(=O)N1,-2203.24601
CCC1=NC2=NC=NC(N)=C2N=C1CC,-2334.70457
CC(C)CC(NC(=O)C(C)NC(=O)CN)C(=O)NC(C(=O)O)C(C)C,-4594.47108
COC1=CC2=C(N=CC=N2)C(N)=C1OC,-2524.81086
CCCCCCOC(=O)C(C)O,-2235.4637
CCCCCCCCOC(=O)C(C)O,-2535.45158
CCCCC(NC(C)=O)C(=O)O,-2258.86699
CCC(C)C(NC(C)=O)C(=O)O,-2258.90009
CC(C(C)O[N+](=O)O)O[N+](=O)O,-2763.42991
N=C(N)NCCCC(N)C(=O)O,-2262.04911
CCCCC(NC(N)=O)C(=O)O,-2308.8488
CSCCC(NC(C)=O)C(=O)O,-2285.48166
O=S(CCCl)CCS(=O)CCCl,-2376.40414
CC(SSC(C)C(=O)O)C(=O)O,-2408.29247
CC(C)CC(NC(=O)CN)C(=O)O,-2458.43641
CCC(SC(CC)C(=O)O)C(=O)O,-2531.14466
CC(SCSC(C)C(=O)O)C(=O)O,-2557.80717
CSC(CCC(SC)C(=O)O)C(=O)O,-2707.84182
CC(C)C(N)C(=O)NC(C(=O)O)C(C)C,-2758.28618
NC(CSCC(N)C(=O)O)C(=O)O,-2630.39697
CC(C)CC(N)C(=O)NC(C(=O)O)C(C)C,-2908.30934
CC(=O)NC(CCC(=O)O)C(=O)O,-2672.87764
NC(=O)NN=CC(O)C(O)C(O)CO,-2947.71399
CCSC(=S)OC(CC(=O)O)C(=O)O,-2825.17335
CCOC(=S)SC(CC(N)=O)C(=O)O,-2729.67852
CCOC(=S)SC(CC(=O)O)C(=O)O,-2825.20587
CC(CC(C)(C(=O)O)C(=O)O)C(=O)O,-2918.36086
CCSC(CCC(SCC)C(=O)O)C(=O)O,-3007.83054
CC(C)CC(N)C(=O)NC(CC(C)C)C(=O)O,-3058.17642
NC(CCSSCCC(N)C(=O)O)C(=O)O,-3107.263
C=CCSC(CCC(SCC=C)C(=O)O)C(=O)O,-3252.22579
CC(C)CC(N)C(=O)NCC(=O)NCC(=O)O,-3226.49349
CC(C)CC(Br)C(=O)NC(C)C(=O)NC(C)C(=O)O,-3535.76502
CC(C)CC(NC(=O)CNC(=O)CN)C(=O)O,-3226.4884
COC(OC(C)=O)C(OC(C)=O)C(OC(C)=O)C(COC(C)=O)OC(C)=O,-5539.7624
CCCCCCCCCNC(=O)C1=CN=CC=C1,-2835.12394
CCCCCCCCOCC(O)CO,-2562.02031
C1=C(SC(=C1)[N+](=O)[O-])C(=O)NN,-2299.10687
O=C(NC1=NC=CC=N1)C1=CN=CC=N1,-2424.79649
CCCCCCNC(=O)C(C)O,-2140.22354
NS(=O)(=O)C1=NC2=C(C=CC=C2)S1,-2256.7844
OC(=S)CCCCCCC(O)=S,-2115.5695
CCCCOP(=O)(CCCC)CCCC,-2607.41324
CCCC(=O)NNC(=O)CCC,-2162.47546
CCC(=O)NCCNC(=O)CC,-2163.19332
CCN(CC)S(=O)(=O)N(CC)CC,-2393.09623
CCCCCCCCCCNC(=O)C(C)O,-2739.91538
CCCCCCCCCCOC(=O)C(C)O,-2835.36986
NC(=O)NCCCCCC(=O)O,-2308.94025
OC(=S)CCCCCCCC(O)=S,-2265.5268
C=CCC(C(=O)NC(N)=O)C(C)C,-2285.29409
OC(=S)CCCCCCCCC(O)=S,-2415.51465
CCOC(=O)CCCC(=O)OCC,-2503.99014
O=C(NCCO)C(=O)NCCO,-2453.38151
O=C(O)CCSSCCC(=O)O,-2408.28803
N#CCCN(CCC#N)CC(=O)O,-2279.68498
CCCC(=O)NCCNC(=O)CCC,-2463.12714
COC(=O)C(C#N)C(=O)CC(C)C,-2352.97926
CCCCC(=O)NNC(=O)CCCC,-2462.36626
CCOC(=O)CCCCC(=O)OCC,-2653.95854
CCOC(=O)CNC(C)=CC(C)=O,-2380.69248
CC1(C)NC(=O)N(CC2=CC=CC=C2)C1=O,-2626.78364
NC(=O)NCC(=O)NCC(=O)O,-2477.01532
O=C(O)CNC(=S)SCC(=O)O,-2430.04045
CCCCC(=O)NCCNC(=O)CCCC,-2762.94442
CCOC(=O)CCCCCCC(=O)OCC,-2953.89812
COC(=O)CCCCCCCCC(=O)OC,-2953.55936
CCCCOC(=O)NS(N)(=O)=O,-2507.69148
CCC(CO[N+](=O)O)O[N+](=O)O,-2763.30514
CCCCCCCCOC(=O)C(C)OC(C)=O,-3103.61307
COC1=CC2=C(C=C1)C1=C(N2)C(C)=NC=C1,-2425.98946
CCCC(C)(COC(N)=O)COC(N)=O,-2903.65175
CCCCCC(=O)NCCNC(=O)CCCCC,-3062.92569
CCOC(=O)CCCCCCCCC(=O)OCC,-3253.79569
CCC(CC)COC(=O)NS(N)(=O)=O,-2807.57186
CC(C=NNC(N)=O)=NNC(N)=O,-2456.45848
O=C(CCCCC(=O)NCCO)NCCO,-3053.5068
CCCCS(=O)(=O)NS(=O)(=O)CCCC,-2961.59818
O=S(=O)(CCCl)CCS(=O)(=O)CCCl,-2968.22938
CCCCC(CC)COC(=O)NS(N)(=O)=O,-3107.53149
CC(O)C(=O)NCCCCCCNC(=O)C(C)O,-3353.58152
C1C2(COP(=O)(O1)OC2)[N+](=O)[O-],-2705.48058
COP(=S)(OC)SSP(=S)(OC)OC,-2897.33575
O=C(O)CSC(SCC(=O)O)SCC(=O)O,-3298.53631
CCCCOC(=O)CCCCCCCCC(=O)OCCCC,-3853.52818
CCCCCCS(=O)(=O)NS(=O)(=O)CCCCCC,-3561.24006
CC(=O)OC(OC(C)=O)C(OC(C)=O)OC(C)=O,-3781.25093
O=C(NCCCCCCNC(=O)OCCO)OCCO,-3943.91384
CCCCCCOC(=O)CCCCCCCCC(=O)OCCCCCC,-4453.21101
CCCS(=O)(=O)C(S(=O)(=O)CCC)S(=O)(=O)CCC,-3827.85621
CCCCC(CC)COC(=O)CCCCC(=O)OCC(CC)CCCC,-4453.20199
CCCCCCCCS(=O)(=O)NS(=O)(=O)CCCCCCCC,-4160.98547
CCOC(=O)CC(SP(=O)(OC)OC)C(=O)OCC,-3907.39832
CCOC(=O)CC(SP(=S)(OC)OC)C(=O)OCC,-3788.74948
CC(=O)OCC(COC(C)=O)(COC(C)=O)COC(C)=O,-4231.09834
O=C(NCCCCCCNC(=O)OCCCCO)OCCCCO,-4543.65531
CCCCS(=O)(=O)C(S(=O)(=O)CCCC)S(=O)(=O)CCCC,-4277.97913
C=CCC1(C(C)C)C(=O)NC(=O)NC1=O,-2676.84155
O=C(O)CSSSSCC(=O)O,-2462.25231
NC1=NC2=C(N=CC(=O)N2)C(=O)N1,-2326.44101
CC1=NC2=C(N=CNC2=O)NC1=O,-2276.50763
CC1(C2=C(C=C(C=C2)[N+](=O)[O-])C(=O)O1)C,-2714.33514
O=C(O)C1=CC(N=NC2=CC=C(O)C=C2)=C(Cl)C=C1,-3242.24333
CC(=NNC(=O)C1=NC=CS1)C(=O)O,-2574.63691
O=C1NC2=C(NC1=O)C(=O)NC=N2,-2422.11294
O=C1C=NC2=C(N1)C(=O)NC(=O)N2,-2422.24143
OC1=C(C2=NCCN2)C=C2C=CC=CC2=C1,-2425.91545
N#CC(C#N)=NNC1=CC=CC=C1,-1928.44151
O=C(O)C1=CC=CC(N=NC2=CC=C(O)C=C2)=C1,-2988.89441
O=C(O)C1=C(N=NC2=CC=C(O)C=C2)C=CC=C1,-2988.61641
CCCCCCCCN(C)N=NC1=CC=C(C(=O)O)C=C1,-3451.63961
O=C(O)C1=C(N=NC2=CC=C(O)C=C2)C=CC(Cl)=C1,-3242.12053
CCC1=NC2=C(N=C1CC)NC(=O)N=C2,-2430.54788
CC(=NNC(=O)C1=CC=NC=C1)C(=O)O,-2670.778
CN1C(=O)NC2=C1NC(=O)NC2=O,-2449.54463
COC1=C(OC)C2=C(COC2=O)C(N)=C1,-2743.27645
O=C(C1=CC=CC=C1)C(F)(F)F,-2742.49955
CC1=NC2=C(C=CC(=C2C=C1)[N+](=O)[O-])O,-2591.62438
C1=CC=C2C(=C1)C=CC=C2[N+](=O)[O-],-2096.15508
CCOC1=CC=C(NC(C)=O)C=C1,-2180.92334
CC1=C(C(=O)CCl)C=C(C(C)C)C(O)=C1,-2534.67452
CCOC1=NC(OCC)=NC(OCC)=N1,-2752.13072
CCCCCCCCCCNC(=O)C1=CN=CC=C1,-2985.11599
CNC(=O)OC1=C2C=CC=CC2=CC=C1,-2399.05424
OC1=C(Cl)C(Cl)=C(Cl)C(Cl)=C1O,-2421.93047
COC1=CC=C(C2=CC=CC=C21)[N+](=O)[O-],-2541.19496
C(CCCO[N+](=O)O)CCCO[N+](=O)O,-3213.20931
C1C2=CC=CC=C2C3=C1C=C(C=C3)[N+](=O)[O-],-2491.79175
COC1=C(Cl)C(Cl)=C(Cl)C(Cl)=C1O,-2571.48644
C(CCCCO[N+](=O)O)CCCO[N+](=O)O,-3363.02556
COC1=C(OC)C(Cl)=C(Cl)C(Cl)=C1Cl,-2720.96978
CC1=CN(CC2=CC=CC=C2)C(=O)NC1=O,-2599.62118
C=CCOC(=O)C1=C(C(=O)OCC=C)C=CC=C1,-3088.54529
CNC(=O)OC1=CC(C)=C(SC)C(C)=C1,-2507.93293
O=C1NC(=O)C2=C(N1)NC(=O)C(=O)N2,-2718.02876
C1=CC2=C(C=CC(=C2N=C1)C(=O)O)[N+](=O)[O-],-2859.52977
CCCCCCOC(=O)C1=C(C(=O)OCCCCCC)C=CC=C1,-4043.96689
CC1=C(C=CC(=C1)OP(=S)(OC)OC)[N+](=O)[O-],-3282.27248
CCCCC(CC)COC(=O)C1=C(C(=O)OCC(CC)CCCC)C=CC=C1,-4643.65791
COP(=O)(OC)OC(=CCl)C1=C(Cl)C=C(Cl)C(Cl)=C1,-3776.64547
CCOC(=O)N1CC(C)N(C(N)=O)CC1C,-2930.67724
C1=CC=C(C=C1)OP(=O)(OC2=CC=CC=C2)OC3=CC=C(C=C3)[N+](=O)[O-],-4532.60319
O=C1C=CC2=C(O1)C(O)=C1OC=CC1=C2,-2611.641
O=C1OC(C2=CC=C(Br)C=C2)C(Br)C1=O,-2639.10695
O=C1NC(=S)SC1=CC1=CC(O)=C(O)C=C1,-2748.0177
O=C1CCCCCN1C(=O)C1=CC=CC=C1,-2576.57556
C1=CC=C(C(=C1)C(=O)O)[N+](=O)[O-],-2291.67039
COC(=O)C1=CC=C(C(=O)O)C=C1,-2394.89737
COC(=O)C1=C(C(=O)OC)C=CC=C1,-2544.27234
C(CCCO[N+](=O)O)CCO[N+](=O)O,-3063.2765
COC(=O)C1=CC=C(C=C1)[N+](=O)[O-],-2441.38678
CCOC(=O)C1=C(C(=O)OCC)C=CC=C1,-2844.4573
CCCCOC(=O)C1=C(C(=O)OCCCC)C=CC=C1,-3444.24543
CC=CCC1(C)C(=O)NC(=O)N(C)C1=O,-2676.80194
CC12CCC3C4=C(C=C(O)C=C4)CCC3C1CCC2=O,-3099.31481
CC12CCC(=O)C=C1CCC1C2CCC2(C)C(O)CCC12,-3303.47331
CCOP(=O)(OCC)OC1=CC=C(C=C1)[N+](=O)[O-],-3550.95394
CC(=O)C1CCC2C3CCC4=CC(=O)CCC4(C)C3CCC12C,-3576.33618
NNC(=O)C1=CC2=C(C=C1)OCO2,-2347.53895
CC1C2=C(C=C(C=C2)[N+](=O)[O-])C(=O)O1,-2564.21665
NC1=NC2=C(NC(=O)C=N2)C(=O)N1,-2325.92144
NC(CC1=NNC2=C1C=CC=C2)C(=O)O,-2525.45534
CCN(CC)C1=CC2=C(C=C1)C(C)=CC(=O)O2,-2725.87467
NC1=C2C=CC=NC2=C(S(=O)(=O)O)C=C1,-2648.46346
NC1=C(S(=O)(=O)O)C=CC2=C1C=CC=N2,-2648.72003
COC1=CC=C(Cl)C(OC)=C1O,-2256.12298
NC(=O)COC(=O)C1=CC=CC=C1,-2299.22505
CC1=C(C2=CC=CC=C2C=C1)[N+](=O)[O-],-2246.28971
CCC1(CCO)C(=O)NC(=S)NC1=O,-2580.89682
COC1=C2C=COC2=CC2=C1C=CC(=O)O2,-2761.63024
NC1=CC=C(S(=O)(=O)N=C2CC=CN2)C=C1,-2702.45915
COC1=C2OC=CC2=CC2=C1OC(=O)C=C2,-2761.26212
CC1=CC(=O)N(O)C2=C1C1=C(C=CC=C1)C=C2,-2643.43421
CCNC(=O)COC(=O)C1=CC=CC=C1,-2599.12472
C1=CC=C(C=C1)C2=CC(=C(C=C2)[N+](=O)[O-])O,-2664.39258
CCN(CC)C(=O)SCC1=CC=C(Cl)C=C1,-2615.82111
CCN(CC)C(=O)COC(=O)C1=CC=CC=C1,-2898.6686
O=C(O)CSC(=S)OCC1=CC=CC=C1,-2602.05012
O=S(=O)(C1=C(O)C=CC=C1)C1=C(O)C=CC=C1,-2966.4382
CCCCCCCCC(CO[N+](=O)O)O[N+](=O)O,-3663.05569
O=C(C1=CC=CC=C1)N(O)C1=CC=CC2=C1C=CC=C2,-3038.40712
CCCC1(CCC)C(=O)NC(=O)NC1=O,-2704.65214
CC1=NC(=O)C2=C(N1)C=CC(=C2)[N+](=O)[O-],-2641.58068
CCCCCOC(=O)C1=C(C(=O)OCCCCC)C=CC=C1,-3744.11
CCC1C2=C(C=C(C=C2)[N+](=O)[O-])C(=O)O1,-2714.16308
CCC(C)C1(CC)C(=O)NC(=O)NC1=O,-2704.62151
NC(=O)CNC(=O)CNC(=O)OCC1=CC=CC=C1,-3417.35922
CCC(=O)C(CCCCCCOC1=C(Cl)C=C(OC)C=C1)C(=O)CC,-4296.90043
CCCCC1(CC)C(=O)NC(=O)NC1=O,-2704.64816
CC1(C2=CC=CC=C2)C(=O)NC(=O)NC1=O,-2745.49692
C=CCC1(CC(C)C)C(=O)NC(=O)NC1=O,-2826.81751
CCOC1=C2N=CC=CC2=C(NC(C)=O)C=C1,-2748.63396
CC(=O)C1=C(C(=O)O)C(C(=O)O)=CN=C1C,-3013.17512
CC(CCC(=O)O)=NNC(=O)C1=NC=CS1,-2874.71674
CCC1=NC2=C(N=C1CC)C(=O)NC(=O)N2,-2726.68653
CC1=C(C(C)C)C(=O)N(C2=CC=CC=C2)N1C,-2629.64277
C1=CC=C2C=C(C=CC2=C1)[N+](=O)[O-],-2096.2689
CC(=NO)C(=NO)C1=CC=CC=C1,-2200.59903
CC1=C(OCC(O)CO)C=CC=C1,-2303.13493
COC1=C(OCC(O)CO)C=CC=C1,-2597.77665
OCCOC1=CC=CC(OCCO)=C1,-2597.87975
C1=CC(=C(C=C1C(=O)O)[N+](=O)[O-])Br,-2500.61351
CC(=O)CC(C)=NCCN=C(C)CC(C)=O,-2707.33197
C1=CC(=CC=C1C(=O)NO)[N+](=O)[O-],-2490.13272
CCC(C)C1=C(OC(=O)NC)C=CC=C1,-2480.81059
CN(C(=O)C1=CC=C(C=C1)[N+](=O)[O-])O,-2640.01618
COC1=CC=C(C=CC(=O)C2=C(O)C=CC=C2)C=C1,-3038.93903
CONC(=O)C1=CC=C(C=C1)[N+](=O)[O-],-2639.76058
CC1=CC(C)=NC(OC2=NN(C)C(C)=C2)=N1,-2578.81601
NC(=O)CNC(=O)OCC1=CC=CC=C1,-2649.15324
CC(C)COC(=O)C1=C(C(=O)OCC(C)C)C=CC=C1,-3444.33035
COC1=CC2=C(C=C1)NC=C2CCNC(C)=O,-2775.90327
O=C(O)COC1=C(Cl)C=C(Cl)C(Cl)=C1,-2736.71415
COC1=CC=C(C(C2=CC=C(OC)C=C2)C(Cl)(Cl)Cl)C=C1,-3558.50615
CCOP(=S)(OCC)OC1=CC=C(C=C1)[N+](=O)[O-],-3432.37284
CC12CCC3(O)C(CCC4=CC(=O)CCC43C)C1CCC2=O,-3571.76296
CCCCOC(=O)C1=C(C(=O)OCC2=CC=CC=C2)C=CC=C1,-3784.96367
CC(CCC(=O)O)=NNC(=O)C1=CC=NC=C1,-2970.8691
CC(=O)NC1=C(C)C=C(Cl)C=C1,-1989.58964
O=C(O)C1=CC=C(NC(=O)C2=CN=CC=C2)C=C1,-2990.19897
O=C(NC(=O)C1=CN=CC=C1)NC1=CC=CC=C1,-2894.30164
C=CCC1(CCCC)C(=O)NC(=O)NC1=O,-2826.74768
CCC=C(C)C1(CC)C(=O)NC(=O)NC1=O,-2827.00885
CC(C)CC1(CCO)C(=O)NC(=S)NC1=O,-2880.65369
CCC1(CC(C)=O)C(=O)NC(=O)NC1=O,-2822.91337
CCCOC1=C(C=C(C=C1)[N+](=O)[O-])N,-2522.87169
O=S(=O)(C1CCCCC1)C1CCCCC1,-2539.20295
CCCC1(CCO)C(=O)NC(=S)NC1=O,-2730.72852
COC1=CC=C2C=C(CCC(C)=O)C=CC2=C1,-2649.04075
CC(C)(NC(=O)C1=CC=CC=C1)C(=O)O,-2599.50891
C1=CC(=C(C=C1C(=O)O)[N+](=O)[O-])F,-2743.95703
COC1=C(OC)C2=C(COC2=O)C(C#N)=C1,-2838.43453
COC1=C(C(=O)O)C=C(C(=O)O)C=C1,-2690.37841
COC1=C(C(=O)O)C=CC(C(=O)O)=C1,-2690.23546
O=C(O)C(=O)C(C1=CC=CC=C1)C1=CC=CC=C1,-2889.72628
CCC1(CCC(C)C)C(=O)NC(=O)NC1=O,-2854.64353
O=C(O)CCC(=O)C1=C2C=CC=CC2=CC=C1,-2767.74034
C1=CC=C(C(=C1)[N+](=O)[O-])OCC(=O)O,-2736.46129
NC1=CC=C(S(=O)(=O)C2=CC=C(Cl)C=C2)C=C1,-2829.16451
O=C(O)C1=C(C(=O)C2=CC=C(O)C=C2)C=CC=C1,-3035.60846
CC(=O)NC(=O)COC(=O)C1=CC=CC=C1,-2867.36985
NC(=O)NS(=O)(=O)C1=CC=C(N)C=C1,-2603.51237
CCOC(=O)C(C)(C)NC(=O)C1=CC=CC=C1,-2899.05568
CCOC(=O)OC1=CC=C(NC(C)=O)C=C1,-2894.33932
CC1(C(=O)O)NCCC2=C1C=C(O)C(O)=C2,-2894.64967
CCC(C)(C(=O)O)N1C(=O)C2=C(C=CC=C2)C1=O,-3140.2224
CCOC1=CC2=C(C=C1)N=C(S(N)(=O)=O)S2,-2851.84432
O=C(C1=C(I)C=CC=C1)N(O)C1=CC=CC=C1,-2730.07162
NS(=O)(=O)C1=CC=C(S(N)(=O)=O)C=C1,-2752.03265
COC1=CC=C(C(O)C(O)C2=CC=CC=C2)C=C1,-2943.79949
CC(=O)NC(COC(=O)C1=CC=CC=C1)C(=O)O,-3313.04892
NC(CC1=CC=C(O)C=C1)C(=O)NCC(=O)O,-3094.62086
COC1=CC=C(CC2NC(=O)N(C)C2=O)C=C1,-2921.64438
O=C(O)C(OC1=C(Cl)C=CC=C1)OC1=C(Cl)C=CC=C1,-3568.87908
COC1=C(C=CC(=C1)OC2=C(C=C(C=C2)Cl)Cl)[N+](=O)[O-],-3615.70348
CCOC(=O)N1CCN(C(=O)OCC)CC1,-3025.98484
CCNC(=S)N1CCN(C(=O)OCC)CC1,-2811.33243
O=C(NC(=O)C1=C(F)C=CC=C1F)NC1=CC=C(Cl)C=C1,-4002.46006
CNC(=S)NC1C(=O)NC(=O)NC1=O,-2653.33602
CC(C)CC(NC(=O)OCC1C2=C(C=CC=C2)C2=C1C=CC=C2)C(=O)O,-4258.20635
CC(=O)NS(=O)(=O)C1=CC=C(NC(=O)C2=C(C(=O)O)C=CC=C2)C=C1,-4476.03718
CCC1(C2=C(C=C(C=C2)[N+](=O)[O-])C(=O)O1)CC,-3014.17837
COC(=O)C1=CC=C(OC)C=C1,-2126.03078
CCCCC(CCCC)(CCCC)C(=O)NO,-2888.35674
COC(=O)C1=CC=C(N(C)C)C=C1,-2180.45822
COC1=CC=CC(C(=O)O)=C1OC,-2421.07423
NS(=O)(=O)C1=CC=C(NO)C=C1,-2278.52643
O=S(=O)(O)C1=CC2=C(C=C1)OC1=C2C=CC=C1,-2939.29812
O=C(C1=CC=CC=C1)N(O)C1=CC=CC=C1,-2520.29732
CC(=O)NC(CC1=CC=CC=C1)C(=O)O,-2599.68023
CC(C)C1=CC=C(NC(=O)N(C)C)C=C1,-2385.35341
O=C(O)C1=CC(C(=O)O)=C(C(=O)O)C=C1,-2959.11131
CN(C)C(=O)NC1=CC(Cl)=C(Cl)C=C1,-2442.32257
NC(CC1=CC(O)=C(O)C=C1)C(=O)O,-2621.85565
CCOC(=O)C(CC1=CC=CC=C1)NC(C)=O,-2899.27012
CCN(CC)CC(=O)NC1=C(C)C=CC=C1C,-2685.0507
CC(C(=O)O)C1=CC=CC(C(=O)C2=CC=CC=C2)=C1,-3040.24312
CC1=CC2=CC3=C(OC(=O)C=C3C)C(C)=C2O1,-2767.1434
CCN(CC)C(=O)C(C)OC1=C2C=CC=CC2=CC=C1,-3148.43486
NC1=CC=C(S(=O)(=O)NC2=CC=CC=N2)C=C1,-2825.45536
CCOC(=O)C(CC1=CC=C(O)C=C1)NC(=O)C1=CC=CC=C1,-3835.27963
CC1=CC=C(S(=O)(=O)NC(CCC(=O)O)C(=O)O)C=C1,-3812.60067
C1=CC(=CC=C1C(C(CO)NC(=O)C(Cl)Cl)O)[N+](=O)[O-],-3893.34243
CCN(CC)C(=O)CN1C=C(Br)C(=O)C(Br)=C1,-2947.77921
CCN(CC)C(=O)CN1C=C(I)C(=O)C(I)=C1,-2949.543
O=S(=O)(O)C1=C2C=CC=NC2=C(O)C(I)=C1,-2953.73896
C=CCC1(C(C)CCC)C(=O)NC(=O)NC1=O,-2976.68177
CCCCC(CC)CC(CC)(CC)C(=O)NO,-2888.4081
CCCCCCCCC(CC)(CC)C(=O)NO,-2888.39736
CC(C)CC(CC(C)C)(CC(C)C)C(=O)NO,-2888.47883
CCCCCCC(CCC)(CCC)C(=O)NO,-2888.40051
CCCCCCCCCCC(C)(C)C(=O)NO,-2888.60266
O=C(OCCO)C1=C(O)C=CC=C1,-2421.54023
COC1=C(O)C=CC(C(=O)CO)=C1,-2420.99123
CCCCC1(CCO)C(=O)NC(=S)NC1=O,-2880.59479
CC1=CC(NS(=O)(=O)C2=CC=C(N)C=C2)=NO1,-2996.62446
O=C(O)CC1(O)CC(=O)N(C2=CC=CC=C2)C1=O,-3286.06454
CCC(CC)(CC1=CC=C(C)C=C1)C(=O)NO,-2779.61486
CN(C)C(=O)C1=CC=CC(C(=O)N(C)C)=C1,-2653.15619
O=C(NC(CO)C(=O)O)C1=CC=CC=C1,-2744.68604
O=C(O)C1=C(C(=O)C2=CC=C(Br)C=C2)C=CC=C1,-2949.04793
O=C1NC=C(NS(=O)(=O)O)C(=O)N1,-2771.79849
CCCC(CCC)(C(=O)NO)C1=CC=CC=C1,-2779.3175
CC1=CC(C)=C(CC(C)(C)C(=O)NO)C(C)=C1,-2780.02581
CN(CC(=O)O)C(=S)SCC1=CC=CC=C1,-2656.76967
CCC1(CC)C(=O)N(C)N(C2=CC=CC=C2)C1=O,-2925.3728
COC1=CC(=C(C=C1)OC)[N+](=O)[O-],-2467.6564
CCCOC(=O)C1=C(C(=O)OCCC)C=CC=C1,-3144.30794
CCCCCCCOC(=O)C1=C(C(=O)OCCCCCCC)C=CC=C1,-4343.8075
CC1CC2C(C(O)CC3(C)C2CCC3(O)C(=O)CO)C2(C)C=CC(=O)C=C12,-4584.29935
CCCCCCCCNCC(O)CO,-2466.38463
CCCCCCCCCNCC(O)CO,-2616.39727
CCCCCCCCCCNCC(O)CO,-2766.28213
CNCC(O)C1=CC(O)=C(O)C=C1,-2353.05721
CC(C)(NC(=O)C1=CC=CC=C1)C(N)=O,-2504.00103
CN(C)C(=O)C1=C(C(=O)N(C)C)C=CC=C1,-2653.23517
O=C(O)CCC(=O)C1=CC=C(C2=CC=CC=C2)C=C1,-3040.44468
CCOC(=O)C1=C(C(=O)C2=CC=CC=C2)C=CC=C1,-3039.68516
CC(C)CCC1(CCO)C(=O)NC(=S)NC1=O,-3030.64976
CCCCCC1(CCO)C(=O)NC(=S)NC1=O,-3030.32006
O=C(O)CN1C(=O)NC(=O)C1CC1=CC=CC=C1,-3190.47121
CN(C)C(=O)C1=CC=C(C(=O)N(C)C)C=C1,-2653.11152
CS(=O)(=O)NC1=C(C=C(C=C1)[N+](=O)[O-])OC2=CC=CC=C2,-3781.04091
NC1=CC=C(S(=O)(=O)NC2=NN=CS2)C=C1,-2778.601
COC1=C(Cl)C(Cl)=C(Cl)C=C1O,-2318.1141
NC(=O)NC1(O)NC(=O)NC1(O)C(=O)O,-3240.70467
CCCC(C)CC1(CCO)C(=O)NC(=S)NC1=O,-3180.35203
CCC(CC)CC1(CCO)C(=O)NC(=S)NC1=O,-3180.56832
CC1=CC=NC(NS(=O)(=O)C2=CC=C(N)C=C2)=N1,-3025.52971
NC1=CC=C(S(=O)(=O)NC2=CN=C(I)C=C2)C=C1,-3035.23981
CC1=C(NC(N)=O)C(=O)N(C2=CC=CC=C2)N1C,-2997.78066
CC12CCC3C4=C(C=C(O)C=C4)CCC3C1CC(O)C2O,-3422.0943
CC12C=CC(=O)C=C1CCC1C2CCC2(C)C(=O)CCC12,-3248.77965
COC1=CC(Cl)=C(Cl)C(Cl)=C1O,-2318.18878
CN1C(=O)NC(=O)C(C)(C2=CCCCC2)C1=O,-2949.62457
CC(=O)C(OC1=C(Cl)C=CC=C1)C(=O)O,-2797.75972
CC1=NN=C(NS(=O)(=O)C2=CC=C(N)C=C2)S1,-2928.89602
O=C1C=CC2=C(C=CC=C2)C1=NO,-2097.32599
COC1=CC(Cl)=C(Cl)C(Cl)=C1OC,-2467.66722
CC(=O)NC1=CC2=C(C=C1)N=C(S(N)(=O)=O)S2,-3025.18846
CN1C2=C(C=CC=C2)C(O)(C2=CC=CC=C2)C2=C1C=CC=C2,-3166.86382
O=C(O)C1=C(C(=O)OCCO)C=CC=C1,-2840.02637
O=C(O)CSC(CC(=O)O)C1=CC=CC=C1,-2872.11468
COC1=CC(C(=O)C=CC2=CC=CC=C2)=C(O)C=C1,-3038.71974
CCC1(C2=CCCCCC2)C(=O)NC(=O)NC1=O,-3099.61379
CC1=CC(C)=NC(NS(=O)(=O)C2=CC=C(N)C=C2)=N1,-3175.71366
CC1=NC(C)=NC(NS(=O)(=O)C2=CC=C(N)C=C2)=C1,-3175.69253
CC1=C(C)N=C(NS(=O)(=O)C2=CC=C(N)C=C2)N=C1,-3175.61558
COC(=O)C1=CC(Br)=C(O)C=C1,-2185.34245
CCC1=NN=C(NS(=O)(=O)C2=CC=C(N)C=C2)S1,-3078.7948
CC(CCC(=O)O)NC(=O)C1=CC=CC=C1,-2749.55238
O=C(O)C1=C(C(=O)OCCOC(=O)C2=C(C(=O)O)C=CC=C2)C=CC=C1,-4762.62131
CC1=NOC(NS(=O)(=O)C2=CC=C(N)C=C2)=C1C,-3146.69669
CC(=O)NC1=C(F)C=C(C)C=C1,-2188.22031
CC(=O)NC1=C(C)C=C(F)C=C1,-2188.23257
COc1cc(c2COC(=O)c2c1OC)[N+]([O-])=O,-3303.70656
COC(=O)C1=CC(Cl)=C(O)C=C1,-2229.91596
CC(=O)CC(C)=NC1=CC=C(O)C=C1,-2303.44104
O=C(NCCO)C1=C(O)C=CC(O)=C1,-2621.80366
CCC1(CC)C(=O)N(C2=CC=CC=C2)N=C1OC(C)=O,-3343.05891
O=C(O)CCC(=O)C1=CC=C2C=CC=CC2=C1,-2767.78816
COC(=O)C1=CC(O)=C(OC)C(O)=C1,-2716.56316
NC1=CC=C2C(O)=CC=CC2=C1S(=O)(=O)O,-2894.32677
O=C(O)CC1=C(O)C=CC(O)=C1,-2272.33438
CC(=O)NC1=CC=C(S(=O)(=O)NC2=CC=CC=N2)C=C1,-3393.82987
CN(C)C1=CC=CC(S(=O)(=O)O)=C1,-2379.90667
COC1=C(C(=O)O)C=CC=C1C(=O)O,-2690.08652
NC1=CC2=C(S(=O)(=O)O)C=CC=C2C=C1,-2598.77323
NC1=CC2=C(C=C1)C(S(=O)(=O)O)=CC=C2,-2598.73098
CC(=O)NC(CC1=CC=C(O)C=C1)C(=O)O,-2895.07593
NS(=O)(=O)C1=CC=CC(S(N)(=O)=O)=C1,-2752.08674
CC1=CC=C(S(=O)(=O)OC2=C(C)C=CC=C2)C=C1,-2971.07959
NCC(=O)NC(CC1=CC=C(O)C=C1)C(=O)O,-3094.64643
COC1=CC2=C(N=CC=C2)C(NC(=O)C2=CN=CC=C2)=C1,-3289.20622
CC(=O)CC(C)=NC1=C(O)C=CC=C1,-2303.45539
CCOC1=C(C=C(C=C1)[N+](=O)[O-])N,-2372.92606
CCCCCOC(=O)C1=CC=C(O)C=C1,-2576.44937
CCCCCCOC(=O)C1=CC=C(O)C=C1,-2726.41996
NC(=O)C1=CC=CC(S(N)(=O)=O)=C1,-2403.19097
NC1=C(C=NC2=C(O)C=CC=C2)C=CC=C1,-2425.82635
CCCCCCCOC(=O)C1=CC=C(O)C=C1,-2876.40388
COS(=O)(=O)C1=CC=C(C(=O)O)C=C1,-2743.89782
NC1=C(C(=O)OCC=CC2=CC=CC=C2)C=CC=C1,-2944.13294
NC(C(=O)NCC(=O)O)C1=CC=CC=C1,-2649.12247
CCOP(=S)(OCC)OC1=CC(C)=NC(C(C)C)=N1,-3371.61755
CC(=O)CC(C)=NC1=CC=C(N=C(C)CC(C)=O)C=C1,-3198.44776
O=C1NC=NC2=C1N=C(C1=CC=CC=C1)C(C1=CC=CC=C1)=N2,-3411.576
CCCCOC1=CC(C(=O)NCCN(CC)CC)=C2C=CC=CC2=N1,-3997.69651
O=C(O)CN(C(=S)SCC1=CC=CC=C1)C1=CC=CC=C1,-3297.42967
CC(C)C1=NN=C(NS(=O)(=O)C2=CC=C(N)C=C2)S1,-3228.83131
CCCC1=NN=C(NS(=O)(=O)C2=CC=C(N)C=C2)S1,-3228.73341
COC(=O)C(CC1=CC=CC=C1)NC(=O)C(CC(=O)O)NC(=O)C(F)(F)F,-5737.85838
NC1=CC(=O)C(=O)C2=C1C=CC=C2,-2098.64677
CCCCCCCCOC(=O)C1=CC=C(O)C=C1,-3026.32311
O=C(O)CCP(=O)(O)C1=CC=CC=C1,-2612.92858
CC(=O)NC1=CC2=C(C=C1)C1=C(C=CC=C1)C2,-2499.71498
CC(=O)NC1=C(C=CC(=C1)Cl)[N+](=O)[O-],-2599.9593
N#CCCNC(CC1=CC=CC=C1)C(=O)O,-2625.72064
CCCN(CCC)S(=O)(=O)C1=CC=C(C(=O)O)C=C1,-3398.12978
COC(=O)C1=CC(I)=C(O)C=C1,-2186.21743
CCOC(=O)C1=CC(Cl)=C(O)C=C1,-2380.05797
CCOC(=O)C1=CC(I)=C(O)C=C1,-2336.31615
CCCOC(=O)C1=CC(I)=C(O)C=C1,-2486.26228
CCNC(=O)NC1=C(C)N(C)N(C2=CC=CC=C2)C1=O,-3297.30164
NC(=O)C1=CC=C(S(N)(=O)=O)C=C1,-2403.17764
CCCCOC(=O)C1=CC(I)=C(O)C=C1,-2636.19279
CC(C)CC1=NN=C(NS(=O)(=O)C2=CC=C(N)C=C2)S1,-3378.79412
CC1=CC=C(C(=O)N(O)C2=CC=C(Cl)C=C2)C=C1,-2924.02845
O=C(C1=C(Cl)C=C(Cl)C=C1)N(O)C1=CC=CC=C1,-3027.4174
CCCCOCN(C(=O)CCl)C1=C(CC)C=CC=C1CC,-3484.03225
O=C(O)C1=CC=C(P(=O)(C2=CC=CC=C2)C2=CC=C(C(=O)O)C=C2)C=C1,-4311.9354
NS(=O)(=O)C1=C(C2=NC3=C(C=CC=C3)C(=O)N2)C=CC=C1,-3489.22026
CC(C)=NNC(=O)NC1C2=C(C=CC=C2)OC2=C1C=CC=C2,-3466.3118
NC1C(O)C(O)C(O)C(O)C1O,-2575.83648
O=C(O)C=CC(=O)NC1=CC=CC=C1,-2421.77786
O=C(O)C1=CC=C(P(=O)(O)C2=CC=CC=C2)C=C1,-3103.4712
CC(=O)NC1=CC=C(S(=O)(=O)NC2=NC(C)=CS2)C=C1,-3447.89951
CCC1=CC=CC(CC)=C1N(COC)C(=O)CCl,-3033.65267
NC1=CC=C(S(=O)(=O)NC2=NC3=C(C=N2)CCCC3)C=C1,-3448.31603
CN1C(=O)C(CC2=CC=C(O)C=C2)N(CC(=O)O)C1=O,-3635.61717
CC(C)CC(N)C(=O)NC(CC1=CC=C(O)C=C1)C(=O)O,-3694.45036
CN(C)CCNC(=O)NC1CCCCC1,-2516.62594
CCN(CC)CC(C)OC(=O)C1=CC=C(N)C=C1,-2980.18703
CCN(CC)C(C)COC(=O)C1=CC=C(N)C=C1,-2980.12661
CC(C)CC(NC(=O)C(N)CC1=CC=C(O)C=C1)C(=O)O,-3694.3737
CC12CCC(=O)C=C1CCC1C3CCC(O)(C(=O)CO)C3(C)CC(O)C12F,-4914.12691
CCCCNC(=O)NC1=C(C)N(C)N(C2=CC=CC=C2)C1=O,-3597.50006
NC(=O)SCC(=O)NC1=CC=CC=C1,-2380.94767
C1=COC(=C1)C(=O)C2=NO[N+](=C2C(=O)C3=CC=CO3)[O-],-3691.80973
O=C(O)CC(O)(CC(=O)O)C(=O)NC1=CC=CC=C1,-3608.62491
CC1C(=O)CCC2C(O)CCC(O)C12,-2481.32363
CC(C)C1CCC(=NO)C(=NO)C1,-2282.44464
CCC(C)(C)C1CCC(=NO)C(=NO)C1,-2582.46749
CC(C)(C)CC(C)(C)C1CC/C(=N/O)/C(=N\O)/C1,-3032.17171
CNC(CC1=CC(O)=C(O)C=C1)C(=O)O,-2771.4651
O=C(C1=CC=CC2=C1C=CC=C2)N(O)C1=CC=CC=C1,-3038.50195
CC(=O)NC(CSC1=CC(Cl)=C(Cl)C=C1)C(=O)O,-3283.2946
C1=CC(=CC=C1NC(=O)NCCC(=O)O)[N+](=O)[O-],-3410.07684
CC(=O)NC(CSC1=C(Cl)C=CC=C1Cl)C(=O)O,-3283.40026
N#CCCN(CCC#N)C(CC1=CC=C(O)C=C1)C(=O)O,-3515.82831
CC12CCC(=O)C=C1CCC1C2CCC2(C)C(OC(=O)CCC(=O)O)CCC12,-4735.61692
CC1CC2C3CCC4=CC(=O)C=CC4(C)C3(F)C(O)CC2(C)C1(O)C(=O)CO,-5036.16435
O=C(O)CN1C(=O)N(C2=CC=CC=C2)C(=O)C1CC1=CC=CC=C1,-3980.85775
CC1(C)C(=O)C(=O)C2CCC1C2,-2008.139
CCOC(=O)C(O)C1=CC=CC=C1,-2276.35939
CC12CCC(CC1=O)C2(C)C(=O)O,-2304.07991
CC12CCC(C(=NO)C1=NO)C2(C)C,-2404.93483
CC(C(=O)O)S(=O)(=O)C1=CC=CC=C1,-2598.5198
CC(O)C(NC(=O)C1=CC=CC=C1)C(=O)O,-2894.86597
O=C(O)CSC(C(=O)O)C1=CC=CC=C1,-2722.04953
CC(CC(=O)NC1=CC=CC=C1)C(=O)O,-2599.72642
CCN(CC)C(=O)C(C)OC(=O)C1=CC=CC=C1,-3048.75998
CC(C(=O)N(C)C)S(=O)(=O)C1=CC=CC=C1,-2802.43451
COC(C)C(NC(=O)C1=CC=CC=C1)C(=O)O,-3044.29538
O=C(O)CNC(CC1=CC=CC=C1)C(=O)O,-2894.72803
CC(OC1=C(Cl)C=C(Cl)C(Cl)=C1)C(=O)O,-2886.78578
CC(C(=O)O)NC(=O)C1=CC(=CC=C1)[N+](=O)[O-],-3209.90454
O=C(O)CNC(CC1=CC=C(O)C=C1)C(=O)O,-3190.19865
CC(=O)C=C(C)NC1CCCCC1NC(C)=CC(C)=O,-3279.94337
OCC(O)C(O)C(O)C=NN(C1=CC=CC=C1)C1=CC=CC=C1,-3910.28799
CC(O)C1(O)CCC2C3CCC4=CC(=O)CCC4(C)C3CCC21C,-3898.28045
CC1=CC=C(C2(O)CCN(CCCC(=O)C3=CC=C(F)C=C3)CC2)C=C1,-4295.90282
CC(CCC(=O)O)C1CCC2C3CC(O)C4CC(O)CCC4(C)C3CCC12C,-4671.46747
CC(CCC(=O)O)C1CCC2C3CCC4CC(O)CCC4(C)C3CC(O)C12C,-4671.95265
CC(CCC(=O)O)C1CCC2C3C(O)CC4CC(O)CCC4(C)C3CCC12C,-4671.59954
O=C(O)C(SCCSC(C(=O)O)C1=CC=CC=C1)C1=CC=CC=C1,-3989.41432
NC(CC1=CC=C(O)C=C1)C(=O)NCC(=O)NCC(=O)O,-3862.67718
CC1=C(NC(=O)NC2=CC=CC=C2)C(=O)N(C2=CC=CC=C2)N1C,-3788.32473
CCC1(C2=CC=CC=C2)C(=O)NC(=O)N(CC(O)CO)C1=O,-3935.619
CC1=C(O)C=CC(C(=O)CC(C)C)=C1,-2281.20075
CC1CCC(C)C(=NO)C1=NO,-2132.71213
CCC1CCC(=NO)C(=NO)C1,-2132.60836
COC1=CC(O)=C(CC=C(C)C)C2=C1C(=O)CC(C1=CC=C(O)C=C1)O2,-4352.72616
CCOC(=O)C1=CC(Br)=C(O)C=C1,-2335.46942
NC(=O)CC1=CC=C(C2=CC=CC=C2)C=C1,-2376.85683
CCCOC(=O)C1=CC(Cl)=C(O)C=C1,-2530.04832
CCCOC(=O)C1=CC(Br)=C(O)C=C1,-2485.39007
O=S1(=O)OC(C2=CC=C(O)C=C2)(C2=CC=C(O)C=C2)C2=C1C=CC=C2,-4175.19346
C=CCOC1=C(C=C(C=C1)[N+](=O)[O-])N,-2495.01736
COC1=CC=C(N(C)C(N)=O)C=C1,-2230.40559
CCOP(=S)(OCC)OC1=CC2=C(C=C1)C(C)=C(Cl)C(=O)O2,-4034.3644
NC(=O)NN=CCOC1CCCCC1,-2484.29469
CCOC1=CC=C(N(C)C(N)=O)C=C1,-2380.58528
CCCCOC1=C(C=C(C=C1)[N+](=O)[O-])N,-2672.83642
COC1=C(S(N)(=O)=O)C=C(C)C=C1,-2379.86883
CCCCOC(=O)C1=CC(Cl)=C(O)C=C1,-2679.92935
CCCCOC(=O)C1=CC(Br)=C(O)C=C1,-2635.34736
CC1=C(OCC(O)=S)C=CC(Cl)=C1,-2260.50904
CCCCCOC(=O)C1=CC(Cl)=C(O)C=C1,-2829.91018
CCCCCOC(=O)C1=CC(Br)=C(O)C=C1,-2785.26727
CCCCCOC(=O)C1=CC(I)=C(O)C=C1,-2786.12816
CC(C)OC1=C(C=C(C=C1)[N+](=O)[O-])N,-2522.99443
C1=CC=C(C=C1)C2=C(C=CC(=C2)O)[N+](=O)[O-],-2664.19074
CC(C(N)=O)S(=O)(=O)C1=CC=CC=C1,-2503.17315
C1=CC=C(C=C1)C2=C(C(=CC=C2)O)[N+](=O)[O-],-2664.22723
CCOC1=CC=C(N(CC)C(N)=O)C=C1,-2530.51419
OC(=S)COC1=C(Cl)C=C(Cl)C=C1,-2363.84208
CCCCCCOC(=O)C1=CC(Cl)=C(O)C=C1,-2979.79388
CCCCCCOC(=O)C1=CC(Br)=C(O)C=C1,-2935.23756
CCCCCCOC(=O)C1=CC(I)=C(O)C=C1,-2936.13706
COC1=CC=CC(OCC(O)CO)=C1OC,-3042.56891
COC1=C(O)C(OC)=C(Cl)C(Cl)=C1Cl,-2762.89069
CN(C)C1=C(C(=O)O)C=C(C(=O)O)C=C1,-2744.77958
CCCCCCCOC(=O)C1=CC(Cl)=C(O)C=C1,-3129.78632
CCCCCCCOC(=O)C1=CC(Br)=C(O)C=C1,-3085.20389
CCCCCCCOC(=O)C1=CC(I)=C(O)C=C1,-3086.04317
COC1=CC(C(=O)O)=C(C(=O)O)C=C1O,-2985.49532
O=S(=O)(C1=CC(O)=CC=C1)C1=C(O)C=CC=C1,-2966.37261
O=S(=O)(C1=CC(O)=CC=C1)C1=CC(O)=CC=C1,-2966.34971
CS(=O)(=O)NS(=O)(=O)C1CCCCC1,-2784.42725
CCCCCCCCOC(=O)C1=CC(Cl)=C(O)C=C1,-3279.81844
CCCCCCCCOC(=O)C1=CC(Br)=C(O)C=C1,-3235.10132
CCCCCCCCOC(=O)C1=CC(I)=C(O)C=C1,-3236.00718
CCN(CC)C(C)C(C)OC(=O)C1=CC=C(N)C=C1,-3130.10225
CCCCOC(=O)C1=CC=C(NC(C)=O)C=C1,-2899.41073
OC(=S)COC1=C(Cl)C=C(Cl)C(Cl)=C1,-2617.01759
CC(=O)OC1C(C2COC(C)(C)O2)OC2OC(C)(C)OC21,-4084.99488
O=C(NC1=CC=CC=C1)C(O)COC1=CC=CC=C1,-3116.75707
CCOC1=C(C(=O)N(O)C2=CC=CC=C2)C=CC=C1,-3115.27474
NCCNC1=CC=C(S(=O)(=O)C2=CC=C(N)C=C2)C=C1,-3274.90003
C1C(CC(=O)C(C1=O)[N+](=O)[O-])C2=CC=CC=C2,-2986.71099
NC1=CC=C(S(=O)(=O)NC(CO)(CO)CO)C=C1,-3470.31754
CNC(=N)NS(=O)(=O)C1=CC2=C(C=CC=C2)C=C1,-2974.95857
CC(C)(NC(=O)C1=CC=CC=C1)C(=O)NCC(=O)O,-3367.53913
O=C(O)C1=C(N=NC2=CC=C(O)C=C2)C=CC=C1Cl,-3242.13315
CCN(CC)CCOC(=O)C1=CC=C(NC(C)=O)C=C1,-3398.52828
CCOC(=O)CC1=C(C)N=C(NS(=O)(=O)C2=CC=C(N)C=C2)S1,-4043.16634
CC1=C(NS(=O)(=O)C2=CC=C(N)C=C2)C2=C(C=CC=C2)C=C1,-3443.793
CC1=CC=C(NC(=O)C(O)(O)C(=O)NC2=CC=C(C)C=C2)C=C1,-3885.69532
O=C(O)C(NCCCCCNC(C(=O)O)C1=CC=CC=C1)C1=CC=CC=C1,-4484.49193
C1=CC(=C(C=C1CCO)[N+](=O)[O-])O,-2468.55912
NC1=NC2=C(N=CN2C2C=CC(CO)C2)C(O)=N1,-3047.37922
NS(=O)(=O)C1=CC(S(=O)(=O)C2=CC=C(O)C=C2)=CO1,-3660.0671
NS(=O)(=O)C1=CC(S(=O)(=O)C2=CC=C(O)C=C2)=CS1,-3542.23114
COC1=CC=C(S(=O)(=O)C2=COC(S(N)(=O)=O)=C2)C=C1,-3809.64149
COC1=CC=C(S(=O)(=O)C2=CSC(S(N)(=O)=O)=C2)C=C1,-3691.81052
NS(=O)(=O)C1=CC(S(=O)(=O)C2=CC(O)=CC=C2)=CS1,-3542.16891
O=C(O)C1=CN(C2CC2)C2=C(C=C(F)C(N3CCNCC3)=C2)C1=O,-4240.12519
NC(CCCCNC(=O)OCC1C2=C(C=CC=C2)C2=C1C=CC=C2)C(=O)O,-4457.92216
CN1CCC(=C2C3=C(C=CC=C3)C=CC3=C2C=CC=C3)CC1,-3048.25038
CC(C)CNCC1=CC=C(S(=O)(=O)C2=CSC(S(N)(=O)=O)=C2)C=C1,-4195.9465
O=C(O)CC1=C(NC2=C(Cl)C=CC=C2Cl)C=CC=C1,-3179.19332
CC1=CC=C(S(=O)(=O)NCl)C=C1,-2187.1274
COC1=C(Cl)C=C(Cl)C(OC)=C1O,-2509.53619
NC1=NC2=C(C=N1)N=CN2COCCO,-2652.00164
CC1=CC2OC3CC(O)C(C)(C2(CO)CC1)C31CO1,-3319.46964
CC(C)(C)N1C=C(C(=O)O)C(=O)C2=C1C=C(N1CCNCC1)C(F)=C2,-4418.0885
CCOP(=O)(CC1=CC=C(C2=NC3=C(C=CC=C3)S2)C=C1)OCC,-3907.48201
CN1CC2C3=C(C=CC=C3)OC3=C(C=C(Cl)C=C3)C2C1,-3051.69268
C1=CC2=C(C=C1F)NC(=N2)C3=CC=C(O3)[N+](=O)[O-],-3337.43805
O=S(=O)(O)C1=CC2=C(C=CC=C2)C=C1,-2398.87344
C#CC1CN2CCC1CC2C(O)C1=CC=NC2=C1C=C(OC)C=C2,-3714.60113
CCCCCCCCCCSC(=N)N,-2225.48573
CCOC(=O)N1CCN(C)CC1,-2162.17472
CCOC(=O)N1CC(C)NCC1C,-2312.47763
CC1=CC2=C(N)C3=C(C=CC=C3)N=C2C=C1,-2253.68467
CS(=O)(=O)C1=CC=C(C(=N)N)C=C1,-2256.97716
CC1CN(C(=N)N)C(C)CN1C(=N)N,-2342.63695
NC1=C2C=C(F)C=CC2=NC2=C1C=CC=C2,-2555.75129
NC1=C2C=CC(F)=CC2=NC2=C1C=CC=C2,-2555.78518
NC1=C2C=CC=C(F)C2=NC2=C1C=CC=C2,-2555.61197
NC1=C2C(F)=CC=CC2=NC2=C1C=CC=C2,-2555.69855
NC1=C2C(Cl)=CC=CC2=NC2=C1C=CC=C2,-2356.78291
CCCCCCCCCCN1CCCCC1,-2448.63452
NC1=C2C=C(Cl)C=CC2=NC2=C1C=CC=C2,-2357.10245
NC1=C2C=CC(Cl)=CC2=NC2=C1C=CC=C2,-2357.10767
CCN(CC)NC(=O)NC1=C(C)C=CC=C1C,-2734.14611
OC(C1=CC=CC=C1)(C1=CC=CC=C1)C1CCNCC1,-2975.54846
CN1CCN(C(C2=CC=CC=C2)C2=CC=CC=C2)CC1,-2879.33117
C1=CC=C2C(=C1)C(=C3C(=N2)C=CC=C3[N+](=O)[O-])N,-2863.74904
C1CCC(NCCNC2CCCCC2)CC1,-2471.00817
NC1=C2C=CC=CC2=NC2=CC=CC(C(F)(F)F)=C21,-3610.44897
CC(CCNCCNCCC(C)CC(C)(C)C)CC(C)(C)C,-3425.06018
OC(CN1CCCCC1)C1=C2C=CC=CC2=C(Cl)C=C1,-3106.74941
NC1=C2C=CC(C(F)(F)F)=CC2=NC2=C1C=CC=C2,-3610.75097
CCN(CC)CCC(C)(O)C1=C2C=CC=CC2=C(OC)C=C1,-3474.98678
N=C(N)C1=CC=C(CCC2=CC=C(C(=N)N)O2)O1,-2996.32205
CCOC1=CC=C(C(=O)OCCNC(C)C2=CC=CC=C2)C=C1,-3716.14371
CC1=C(NC(=O)C(=O)C(=O)NC2=C(C)C=CC=C2)C=CC=C1,-3562.16655
C1=CC=C2C(=C1)/C(=N/O)/C(C2=O)[N+](=O)[O-],-2735.11016
O=C(CCCN1CCC(O)(C2=CC=CC=C2)CC1)C1=CC=CC=C1,-3693.51843
CC1=CC=C(C2(O)CCN(CCCC(=O)C3=CC=CC=C3)CC2)C=C1,-3843.67238
CN(C)CC1CC2C3CC=C4CC(O)CCC4(C)C3CCC2(C)C1=O,-3952.58066
C1=CC=C(CNCCNCC2=CC=CC=C2)C=C1,-2606.94223
O=C(CCCN1CCC(O)(C2=CC=C(F)C=C2)CC1)C1=CC=CC=C1,-4145.73173
O=C(CCCN1CCC(O)(C2=CC=CC=C2)CC1)C1=CC=C(F)C=C1,-4145.64712
O=C(CCCN1CCC(O)(C2=CC=C(Cl)C=C2)CC1)C1=CC=CC=C1,-3947.10623
NC1=CC(S(=O)(=O)O)=CC(C(=O)O)=C1,-2794.41033
OC1=C(S(=O)(=O)O)C(=O)C2=C1C=CC=C2,-2838.80854
OC(C1=CC=CC=C1)(C1=CC=CC=C1)C1CCCCN1,-2975.61066
CC1=CC=CC(CN2CCN(C(C3=CC=CC=C3)C3=CC=C(Cl)C=C3)CC2)=C1,-4073.86525
O=C(CCCN1CCC(O)(C2=CC=C(F)C=C2)CC1)C1=CC=C(F)C=C1,-4597.98368
O=C(CCCN1CCC(O)(C2=CC=C(Cl)C=C2)CC1)C1=CC=C(F)C=C1,-4399.37985
CN1CCC23C4=C5C=CC(OCC6=CC=CC=C6)=C4OC2CCCC3C1C5,-4088.18432
OC1=C(Cl)C(Cl)=C(Cl)C(Cl)=C1Cl,-2380.12657
CC(SC1=CC=CC=C1)S(=O)(=O)O,-2357.16333
CCC1(C2=CC=CC=C2)C(=O)NC(=O)NC1=O,-2895.45064
O=S(=O)(O)CCSC1=CC=CC=C1,-2357.24979
O=C1OC(C(O)CO)C(O)=C1O,-2616.03881
NC1=CC=C(S(=O)(=O)NC2=C(C(=O)O)C=CC=C2)C=C1,-3489.64101
CN1CCC23C=CC=CC2C1CC1=C3C(O)=C(O)C=C1,-3120.2724
COCOC1=C2OC3C(O)CCC4C5CC(=C2C43CCN5C)C=C1,-4036.81705
CN(C)CC(O)C1=C2C=CC=CC2=C(Cl)C=C1,-2683.69613
O=C1NC(=O)C(C2=CC=CC=C2)(C2=CC=CC=C2)N1,-2967.39293
NC1=CC=C(S(=O)(=O)NC2=NC=CC=N2)C=C1,-2875.31689
CCN(CC)CC(C1=CC=CC=C1)OC(=O)C2=CC=C(C=C2)[N+](=O)[O-],-4181.18474
COC1=C2OC3C(OC(C)=O)C=CC4C5CC(=C2C43CCN5C)C=C1,-4131.98856
NC1=CC=C(S(=O)(=O)NC2=NC=CS2)C=C1,-2729.43074
CC1=C(N(C)C)C(=O)N(C2=CC=CC=C2)N1C,-2678.87194
O=C(OCC1=CC=CC=C1)C(OS(=O)(=O)O)C1=CC=CC=C1,-3979.59571
N=C(N)NN=C1C=CC(=NNC(=N)N)C2=C1C=CC=C2,-3149.66909
C1=CC2=C(C=C1S(=O)(=O)O)C(=C(C=C2[N+](=O)[O-])[N+](=O)[O-])O,-4214.71368
CC1=CC(=O)N(C2=CC=CC=C2)N1C,-2179.63025
CN1C2CCC1CC(OC(=O)C(CO)C1=CC=CC=C1)C2,-3471.07311
CN1CCC23C4=C5C=CC(O)=C4OC2C(O)C=CC3C1C5,-3415.75079
CN(C)C(=O)C1=CC=C(Cl)C=C1,-1988.90097
COC1=CC=C(C(=O)NN)C=C1,-2079.84069
COC1=CC=C(CN(CCN(C)C)C2=NC=CC=N2)C=C1,-3300.96895
O=C(C1=CC=CC=C1)C(O)C1=CC=CC=C1,-2471.50096
CCC1(C(=O)NC(=NC1=O)[O-])CC,-2388.88763
COC1=C(OC)C=C(CC2=NC=CC3=CC(OC)=C(OC)C=C32)C=C1,-4105.64655
NC1=C(S(=O)(=O)O)C=CC2=C1C=CC=C2,-2599.00274
COC1=C2OC3C(OC(C)=O)CCC4C5CC(=C2C43CCN5C)C=C1,-4160.03805
CC(C)CCOC(=O)C1CN2CCC1CC2C(O)C1=CC=NC2=C1C=CC=C2,-4488.94175
CC1=C(S(=O)(=O)O)C=CC(O)=C1,-2326.29349
NC(CC1=CC=C(O)C=C1)C(=O)O,-2326.54345
CN(C)C(=O)C1=CC=C(C=C1)[N+](=O)[O-],-2495.53573
NC1=C(Cl)C(=O)N(C2=CC=CC=C2)N=C1,-2456.12382
C=CCC1=C(OCC(O)CNC(C)C)C=CC=C1,-2929.33589
CN1CCN=C(C2=CC=CC=C2)C2=C1C=CC(Cl)=C2,-2806.01016
CN(C)CCCOC1(CC2=CC=CC=C2)CCCCCC1,-3230.19803
COC(=O)C(CO)NC(=O)C(Cl)Cl,-2760.22509
O=C(C1=CC=CC=C1)C1=CC=C2C(C(=O)O)CCN12,-3089.46765
CC(C)NCC(O)COC1=C2C=CC=CC2=CC=C1,-3025.45478
CCN(CC)C(C)CN1C2=C(C=CC=C2)SC2=C1C=CC=C2,-3206.69751
CCOP(=O)(CC1=CC=C(C2=NC3=C(C=CC=C3)S2)C=C1)N1CCCC1=O,-4353.12277
O=C(NC1=C(F)C=C(F)C=C1)C1=C(OC2=CC(C(F)(F)F)=CC=C2)N=CC=C1,-5773.42444
ClC1=CC(Cl)=C(COC(CN2C=CN=C2)C2=C(Cl)C=C(Cl)C=C2)C=C1,-4134.78503
CCOC(=O)CC1=CC=C(C2=NC3=C(C=CC=C3)S2)C=C1,-3244.1234
CC(=O)OCSC1=NC=NC2=C1N=CN2,-2602.3203
CC(C)CC(NC(=O)C(N)CC1=CNC2=C1C=CC=C2)C(=O)O,-3844.27444
CC(C)(CF)N1C=C(C(=O)O)C(=O)C2=C1C=C(N1CCNCC1)C(F)=C2,-4869.90784
O=C(O)C1=CN(C2CC2)C2=C(C=C(F)C(N3CC4CC3CN4)=C2)C1=O,-4362.47473
C#CCC(NC(=O)OC(C)(C)C)C(=O)NCC(=O)OC,-3716.0235
CCOC(=O)C1=C(C)NC(C)=C(C(=O)OC)C1C1=C(Cl)C(Cl)=CC=C1,-4369.55469
O=C(O)C1OC(C2=CC=CC=C2)OC1C1COC(C2=CC=CC=C2)O1,-4347.83806
CC1=CC=C(C2=C(CC(=O)N(C)C)N3C=C(C)C=CC3=N2)C=C1,-3471.16539
COC(=O)C(C)C1=CC2=CC=C(OC)C=C2C=C1,-2944.28501
COC1=CC2=C(C(=O)C3(O2)C(OC)=CC(=O)CC3C)C(OC)=C1,-4101.84154
CCCC1=CC(=O)N(CCC(=O)O)C=C1,-2626.88323
O=C(O)CCCCCN1C=CC=CC1=O,-2626.73738
CCOC1=C(CN(C1=O)C(C)C)[N+](=O)[O-],-2845.04704
CCCCCCCC1=CC(=O)N(CCC(=O)O)C=C1,-3226.61782
CCCCOC(=O)C1=C(C(=O)OCC(CC)CCCC)C=CC=C1,-4044.01061
CC1CCC(C(C)C)C2=C1C=NC(NS(=O)(=O)C1=CC=C(N)C=C1)=N2,-4048.13435
COC1=C2OC=CC2=C(CN)C2=C1OC(=O)C=C2,-3110.83246
CC(NC(=O)CC1=CC=CC=C1)C1=CC=CC=C1,-2676.33077
C1=CN=C2C=CC3=C(N=CC=C3)C2=C1,-1953.61994
CCOC1=CC(=O)C2(OC3=C(C2=O)C(OC)=CC(OC)=C3Cl)C(C)C1,-4505.10618
CCN(CC)CCCC(C)NC1=C2C=C(OC)C=CC2=NC2=C1C=CC(Cl)=C2,-4350.36266
CCCOC1=CC(=O)C2(OC3=C(C2=O)C(OC)=CC(OC)=C3Cl)C(C)C1,-4655.08364
CCCN1C=C(C(=O)O)C(=O)C2=C1C=C(N1CCNCC1)C(F)=C2,-4268.29467
CC1=NC=C(CO)C(C=NC(C(=O)O)C(C)C)=C1O,-3393.67801
CC1(C)SC2C(NC(=O)CC3=CC=CC=C3)C(=O)N2C1C(=O)O,-3938.92062
NC(=S)NS(=O)(=O)C1=CC=C(N)C=C1,-2484.46716
CCN(CC)CCOC(=O)C1=CC=C(N)C=C1,-2830.20171
O=C1CC2OCC=C3CN4CCC56C7=C(C=CC=C7)N1C5C2C3CC46,-3838.0633
CN(C)CCOC(C)(C1=CC=CC=C1)C1=CC=CC=N1,-3051.94861
N=C(N)NS(=O)(=O)C1=CC=C(N)C=C1,-2507.09651
NC1=CC=C(S(=O)(=O)NC2=CC=CC=N2)C=C1,-2825.50402
NC1=CC=C(S(=O)(=O)NC2=NC=CS2)C=C1,-2729.35537
NC1=CC=C(S(=O)(=O)NC2=NC=CC=N2)C=C1,-2875.31644
CC1=CC=NC(NS(=O)(=O)C2=CC=C(N)C=C2)=N1,-3025.52758
NS(=O)(=O)C1=CC=C(NC(=O)CCC(=O)O)C=C1,-3417.1332
CCC1=C2C=CC=CC2=NC(CN)=C1C,-2185.24332
CCCCCCCCSC(=N)N,-1925.53054
COC1=CC2=C(C=C1)N(C(=O)C1=CC=C(Cl)C=C1)C(C)=C2CC(=O)O,-4184.09882
CC1=C(C(C(=C(N1)C)C(=O)OC)C2=CC=CC=C2[N+](=O)[O-])C(=O)OC,-4472.46377
O=S(=O)(N1CCCC1)N1CCCC1,-2338.90652
O=C(O)CC(O)CCC1=CCCC1=O,-2599.35865
CCCCCCC(CO[N+](=O)O)O[N+](=O)O,-3363.15716
CC1=CC=C(C(=O)C2=CSC(S(N)(=O)=O)=C2)C=C1,-3047.65929
O=C1NC(=O)N(CC2=CC=C(Cl)C=C2)C=C1F,-3154.95862
NS(=O)(=O)C1=CC(C(=O)C2=CC=C(O)C=C2)=CS1,-3192.97135
COC1=CC=C(CN2C=C(F)C(=O)NC2=O)C=C1,-3346.40333
COC1=CC=C(C(=O)C2=CSC(S(N)(=O)=O)=C2)C=C1,-3342.5018
CC1=CC(=O)OC2=C1C=C(C)C1=C2C2=C(CCCC2)O1,-3189.96205
CC12CCC(C3=C1N=C(NS(=O)(=O)C1=CC=C(N)C=C1)N=C3)C2(C)C,-4020.30112
OCCOC1=CC=C(OCCO)C=C1,-2597.89149
O=C(O)CN1CCCCS1(=O)=O,-2430.40534
CC1=CC=C2CN(C(N)=NO)CC3CCCC1=C23,-2829.22765
COC1=C2CCCC3CN(C(=N)N)CC(=C23)C=C1,-2829.89145
NC(=NO)N1CC2=CC=CC3=C2C(CCC3)C1,-2679.36264
CN(C)NC(=N)N1CC2=CC=CC3=CC=CC(=C32)C1,-2829.02696
CC(C)=NNC(=N)N1CC2=CC=CC3=CC=CC(=C32)C1,-2952.0546
NC(=NO)N1CC2=CC=CC3=C(Cl)C=CC(=C23)C1,-2878.20907
COC1=C2CCCC3CN(C(N)=NO)CC(=C23)C=C1,-3124.05745
COC1=CC2=C3C(=C1)C=CC=C3CN(C(N)=NO)C2,-3069.5785
CCCCOC1=CC(=O)C2(OC3=C(C2=O)C(OC)=CC(OC)=C3Cl)C(C)C1,-4805.06774
NC1=CC=C(N=C(N)N2CC3=CC=CC4=CC=CC(=C43)C2)C=C1,-3320.9906
CN(C)CC1=C(O)C=CC(C(=O)C2=CSC(S(N)(=O)=O)=C2)=C1,-3842.27408
CC(C)CNCC1=CC=C(C(=O)C2=CSC(S(N)(=O)=O)=C2)C=C1,-3846.85634
C1=CC(=CC=C1C(=O)NN)[N+](=O)[O-],-2395.19718
NS(=O)(=O)C1=CC(C(=O)C2=CC=C(CNCC3=CC=CC=C3)C=C2)=CS1,-4187.52609
CN=C(NC)N1CC2=CC=CC3=CC=CC(=C32)C1,-2629.80673
O=C1NC(=O)N(C2CCCO2)C=C1F,-2828.6954
CCOC1=CC(=O)CC(C)C12OC1=C(C2=O)C(OC)=CC(OC)=C1Cl,-4505.08139
O=C1NCCCC1N1C(=O)C2=C(C=CC=C2)S1(=O)=O,-3366.66962
O=C(O)C=CC1=CC2=C(C=C1)OCO2,-2516.43728
CCCCCCOC1=CC(O)=C(C(C)=NO)C=C1,-3074.59077
C1=CC=C2C(=C1)NC(=N2)C3=CC=C(O3)[N+](=O)[O-],-2885.23448
CCCCCCCCCCOC1=CC(O)=C(C(C)=NO)C=C1,-3674.36295
CCCCCCCCCCOC1=CC(O)=C(C(CC)=NO)C=C1,-3824.13572
CCCCCCOC1=CC(O)=C(C(=NO)C2=CC=CC=C2)C=C1,-3715.09242
CCOC1=CC(=O)CC(C)C12OC1=C(C2=O)C(OC)=CC(OCC)=C1Cl,-4655.31401
CCCOC1=CC(=O)CC(C)C12OC1=C(C2=O)C(OC)=CC(OC)=C1Cl,-4655.01313
O=C1NC(NC2=CC=CC=C2)=NC2=C1N=CN2,-2698.13319
CC1=CC=C(OCC(=O)NC2C(=O)N3C2SC(C)(C)C3C(=O)O)C=C1,-4383.75888
CNC1=NC2=C(C=C(C=C2)Cl)C(=[N+](C1)O)C3=CC=CC=C3,-3286.36045
CCC(C)CN(C)N=NC1=CC=C(C(=O)O)C=C1,-3002.05662
NS(=O)(=O)C1=NC2=C(C=C(O)C=C2)S1,-2552.24431
O=C(C1=CC(F)=CC=C1)N(O)C1=CC=CC=C1,-2972.49148
O=C(NO)C1=C(N=CC2=CC=CC=N2)C=CC=C1,-2892.09355
CC1=C(N(O)C(=O)C2=CC(F)=CC=C2)C=CC=C1,-3122.57452
CC1=CC=CC(N(O)C(=O)CCC2=CC=CC=C2)=C1,-2970.61715
CC1=C(N(O)C(=O)CCC2=CC=CC=C2)C=CC=C1,-2970.44714
CCCCOC1=CC(=O)CC(C)C12OC1=C(C2=O)C(OC)=CC(OC)=C1Cl,-4804.98486
CCCCCCCC(=O)OC1C(O)C(O)OC(CO)C1O,-4139.414
O=S1(=O)OC2(C3=C(C=CC(O)=C3)OC3=C2C=C(O)C=C3)C2=C1C=CC=C2,-4443.3469
COC1=CC(OC)=CC(C(=O)N(O)C2=CC=CC=C2)=C1,-3410.25871
CC1=CC=CC(N(O)C(=O)C2=C(Cl)C=C(Cl)C=C2)=C1,-3177.59703
CC1=C(N(O)C(=O)C2=C(Cl)C=C(Cl)C=C2)C=CC=C1,-3177.43357
COC1=CC(OC)=CC(C(=O)N(O)C2=C(C)C=CC=C2)=C1,-3560.1035
COC1=CC(OC)=CC(C(=O)N(O)C2=CC(C)=CC=C2)=C1,-3560.15335
CN1C2CCC1CC(OC(=O)C(COS(=O)(=O)O)C1=CC=CC=C1)C2,-4533.77528
N=C(N)NN=CC1=C2C=CC=CC2=CC=C1O,-2674.54481
OC(CCN1CCCCC1)(C1=CC=CC=C1)C1CCCCC1,-3357.20631
CCN1C=C(C(=O)O)C(=O)C2=C1C=C(N1CCNCC1)C(F)=C2,-4118.42871
CC(=O)NC1=CC=C(OP(O)(=O)O)C=C1,-2959.8427
CN(O)C(=O)C1CCCCCC1,-2107.61654
O=C(C1CC1)N(O)C1CCCCC1,-2233.4976
O=C(C1CCC1)N(O)C1CCCCC1,-2383.77056
O=C(C1CCCC1)N(O)C1CCCCC1,-2534.26055
CCN(C)N=NC1=CC=C(C(=O)O)C=C1,-2551.96184
CCCN(C)N=NC1=CC=C(C(=O)O)C=C1,-2702.17126
CCCCN(C)N=NC1=CC=C(C(=O)O)C=C1,-2852.06404
CCCCCN(C)N=NC1=CC=C(C(=O)O)C=C1,-3001.59538
CCCCCCN(C)N=NC1=CC=C(C(=O)O)C=C1,-3151.75988
CCCCCCCN(C)N=NC1=CC=C(C(=O)O)C=C1,-3301.63854
O=C(C1=CC2=C(C=CC=C2)C=C1)N(O)C1=CC=C(Cl)C=C1,-3292.03111
C1=CC2=CC=C3C=CC=NC3=C2N=C1,-1953.34095
CC(C)CNCC1=CC=CC(C(=O)C2=CSC(S(N)(=O)=O)=C2)=C1,-3846.71522
CCCCNCC1=CC=C(C(=O)C2=CSC(S(N)(=O)=O)=C2)C=C1,-3846.83585
CC(C)CCNCC1=CC=CC(C(=O)C2=CSC(S(N)(=O)=O)=C2)=C1,-3996.80435
CC(C)CN(C)CC1=C(O)C=CC(C(=O)C2=CSC(S(N)(=O)=O)=C2)=C1,-4292.19094
CC(C)(C)NCC1=CC=C(S(=O)(=O)C2=CSC(S(N)(=O)=O)=C2)C=C1,-4196.16884
CCCCNCC1=CC=C(S(=O)(=O)C2=CSC(S(N)(=O)=O)=C2)C=C1,-4196.05552
NS(=O)(=O)C1=CC(C(=O)C2=CC=C(CN3CCOCC3)C=C2)=CS1,-4114.39309
CC(C)NCC1=CC=CC(S(=O)(=O)C2=CSC(S(N)(=O)=O)=C2)=C1,-4046.16581
CCC(C)NCC1=CC=CC(S(=O)(=O)C2=CSC(S(N)(=O)=O)=C2)=C1,-4196.08994
NS(=O)(=O)C1=CC(C(=O)C2=CC(CN3CCOCC3)=CC=C2)=CS1,-4114.36638
CNC(=O)C1=CC=CC(NCC(=O)NCCC2=CC(OC)=C(OC)C=C2)=C1,-4533.74416
CCNCC1=CC2=C(OC(S(N)(=O)=O)=C2)S1,-2877.89695
CC(C)CNCC1=CC2=C(OC(S(N)(=O)=O)=C2)S1,-3177.87157
CCOCCNCC1=CC2=C(OC(S(N)(=O)=O)=C2)S1,-3472.63129
COC1=C(OC)C=C(CCNC(=O)CNC2=CC(C(N)=O)=CC=C2)C=C1,-4384.05615
OP(=O)(O)OCN1C(=O)NC(C2=CC=CC=C2)(C2=CC=CC=C2)C1=O,-4491.08289
NS(=O)(=O)C1=CC2=C(O1)SC(CNCC1=CC=CC=N1)=C2,-3568.34748
CNC(=O)COC(=O)C1=CC=CC=C1,-2448.90627
CN(C)C(=O)COC(=O)C1=CC=CC=C1,-2598.67509
CCCNC(=O)COC(=O)C1=CC=CC=C1,-2749.08882
CC(C)(C)NC(=O)COC(=O)C1=CC=CC=C1,-2899.05049
NS(=O)(=O)C1=CC2=C(S1)C(O)CCS2,-2584.10275
CC(C)N(C(=O)COC(=O)C1=CC=CC=C1)C(C)C,-3198.53701
NS(=O)(=O)C1=CC2=C(SCCC2O)S1,-2584.10128
NS(=O)(=O)C1=CC2=C(S1)C(=O)CCS2,-2556.87439
CN(CCO)C(=O)COC(=O)C1=CC=CC=C1,-3043.86012
CCCN(CCC)C(=O)COC(=O)C1=CC=CC=C1,-3198.59399
CCN(CCO)C(=O)COC(=O)C1=CC=CC=C1,-3193.83214
O=C(OCC(=O)N1CCCCC1)C1=CC=CC=C1,-3021.44216
CN(C(=O)COC(=O)C1=CC=CC=C1)C1CCCCC1,-3321.28052
NS(=O)(=O)C1=CC2=C(SCCC2=O)S1,-2556.82807
C=CCN(CC=C)C(=O)COC(=O)C1=CC=CC=C1,-3142.85505
CC1=CC=C(CN2C=C(F)C(=O)NC2=O)C=C1,-3051.58775
O=C(OCC(=O)N1CCOCC1)C1=CC=CC=C1,-3166.3098
NC(=O)CNC(=O)COC(=O)C1=CC=CC=C1,-3067.31465
CCCCN(CCCC)C(=O)COC(=O)C1=CC=CC=C1,-3498.45232
O=C(OCC(=O)N(CCO)CCO)C1=CC=CC=C1,-3488.96962
NS(=O)(=O)C1=CC2=C(S1)C(O)CCS2=O,-2878.63894
NS(=O)(=O)C1=CC2=C(S1)S(=O)CCC2O,-2878.67361
NS(=O)(=O)C1=CC2=C(S1)S(=O)(=O)CCC2,-2879.12543
NS(=O)(=O)C1=CC2=C(S1)S(=O)(=O)CCC2=O,-3147.08522
O=C1NC(=O)N(CC2=C(Cl)C=C(Cl)C=C2)C=C1F,-3408.4246
NS(=O)(=O)C1=CC2=C(CC(O)CS2(=O)=O)S1,-3174.44687
NS(=O)(=O)C1=CC2=C(S1)C(O)CCS2(=O)=O,-3174.31902
CCOC(=O)CN(C)C(=O)COC(=O)C1=CC=CC=C1,-3612.1325
NC(=O)C1CCCN1C(=O)COC(=O)C1=CC=CC=C1,-3489.92019
NS(=O)(=O)C1=CC2=C(S1)C(=O)CCS2(=O)=O,-3147.10649
NS(=O)(=O)C1=CC2=C(S1)S(=O)(=O)CC(O)C2,-3174.44195
CNC1=C(NC2=C3C=CC=CC3=NC3=C2C=CC=C3)C=CC(NS(C)(=O)=O)=C1,-4360.91687
CN(C(=O)CNC(=O)CN)C1=C(C(=O)C2=C(Cl)C=CC=C2)C=C(Cl)C=C1,-4419.03907
NC(C(=O)O)C1=CC=C(O)C=C1,-2176.4996
CN(CC(N)=O)C(=O)COC(=O)C1=CC=CC=C1,-3216.83972
NS(=O)(=O)C1=CC2=C(S1)S(=O)(=O)CCC2O,-3174.28036
CCCCOP(=O)(O)OCCCC,-2599.83787
O=C(C(=O)C1=CC=CC=C1)C1=CC=CC=C1,-2443.90883
CC(=O)NC(CC(C)C)C(=O)O,-2258.89136
NC(CSSCC(N)C(=O)O)C(=O)O,-2807.28259
COC1=C(CC(C)NC(C)CC2=C(OC)C=CC=C2)C=CC=C1,-3597.31799
CN1CCC23C4=C5C=CC(OCC6=CC=CC=C6)=C4OC2C(O)C=CC3C1C5,-4354.08643
CC(C)NC1=NC(Cl)=NC(N)=N1,-2070.35868
CCOC1=C2OC3C(O)C=CC4C5CC(=C2C43CCN5C)C=C1,-3715.22761
C=CC1CN2CCC1CC2C(O)C1=CC=NC2=C1C=C(OC)C=C2,-3742.58762
CNC(C)C(O)C1=CC=CC=C1,-1912.17222
COC(=O)C1C(OC(=O)C2=CC=CC=C2)CC2CCC1N2C,-3739.14178
COC1=C2OC3C(O)C=CC4C5CC(=C2C43CCN5C)C=C1,-3565.2316
O=S(=O)(NS(=O)(=O)C1=CC=C(Cl)C=C1)C1=CC=C(Cl)C=C1,-3850.34769
CC1=CSC(NS(=O)(=O)C2=CC=C(N)C=C2)=N1,-2879.52484
CC(CN1C2=C(C=CC=C2)SC2=C1C=CC=C2)N(C)C,-2906.95414
CC1(C)C2CCC1(CS(=O)(=O)O)C(=O)C2,-2802.94105
COC1=CC=CC(CC(C)NC(C)CC2=C(OC)C=CC=C2)=C1,-3597.38393
C=CC1CN2CCC1CC2C(O)C1=CC=NC2=C1C=CC=C2,-3297.66609
COC1=C2OC3C(O)CCC4C5CC(=C2C43CCN5C)C=C1,-3592.85089
C1=C(C=C(C(=C1[N+](=O)[O-])O)[N+](=O)[O-])[N+](=O)[O-],-3393.90319
CCSC(=S)NC(CC(=O)O)C(=O)O,-2730.13034
CC(C)C(O)(CCC(C)(O)C(=O)O)C(=O)O,-3244.88174
CC(SC(=S)SC(C)C(=O)O)C(=O)O,-2706.96708
O=C(O)CC(CSC(=O)O)C1=CC=CC=C1,-2871.9451
CC1=NC=C(N1CCO)[N+](=O)[O-],-2299.74182
CCNC1=NC(Cl)=NC(NC(C)C)=N1,-2370.1385
ON=C(C1=CC=CC=C1)C(=NO)C1=CC=CC=C1,-2841.17786
CC1=NC=C(N1CC(C)O)[N+](=O)[O-],-2449.93296
CC1=NN=C(C2=CC=CC=C2)C(=O)N1N,-2401.76926
NC1CN(C2=CC3=C(C=C2F)C(=O)C(C(=O)O)=CN3C2CC2)C1,-4089.75643
CNC1CN(C2=CC3=C(C=C2F)C(=O)C(C(=O)O)=CN3C2CC2)C1,-4239.70667
CC1(N)CN(C2=CC3=C(C=C2F)C(=O)C(C(=O)O)=CN3C2CC2)C1,-4239.74818
CC1(N)CN(C2=C(Cl)C3=C(C=C2F)C(=O)C(C(=O)O)=CN3C2CC2)C1,-4493.14547
CC1(N)CN(C2=C(F)C3=C(C(=O)C(C(=O)O)=CN3C3CC3)C(N)=C2F)C1,-4891.65924
C1=CC=C(CNC2=NC=NC3=C2N=CN3)C=C1,-2552.58198
NC1CN(C2=C(F)C3=C(C=C2F)C(=O)C(C(=O)O)=CN3C2CC2)C1,-4541.78504
C1=COC(CNC2=NC=NC3=C2N=CN3)=C1,-2574.41609
CC1(N)CN(C2=C(F)C3=C(C=C2F)C(=O)C(C(=O)O)=CN3C2CC2)C1,-4691.79651
CNC1CN(C2=C(F)C3=C(C=C2F)C(=O)C(C(=O)O)=CN3C2CC2)C1,-4691.35988
CCN1C=C(C(=O)O)C(=O)C2=C1C=C1OCOC1=C2,-3407.45528
COC1=CC=C2C=C(C(C)C(=O)OC(C)C)C=CC2=C1,-3244.4286
ClC1=CC(Cl)=C(Cl)C2=C1OC1=C(C=CC=C1)O2,-2931.57847
CCOC(=O)C1CCN2C(C(=O)C3=CC=CC=C3)=CC=C12,-3389.22217
COC1=CC2=C(C=CC(C)(C)O2)C2=C1C(=O)C1=C(N=CC=C1)N2C,-3834.41525
CN1CCN(C2=NC3=C(C=CC=C3)OC3=C2C=C(Cl)C=C3)CC1,-3573.32212
NC(=O)N1C2=C(C=CC=C2)C(O)C(O)C2=C1C=CC=C2,-3289.89211
CCCCCCCCNC(=O)OCC1OC(O)C(O)C(O)C1O,-4489.07434
CCCCCCCCCNC(=O)OCC1OC(O)C(O)C(O)C1O,-4639.10781
CCCCCCCCCCNC(=O)OCC1OC(O)C(O)C(O)C1O,-4788.89793
CC1=C(OCC2=CC=CC=C2)C=CC2=C1OC(N1CCOCC1)=CC2=O,-4228.99316
CC1=C(OCC2=CC=CC=N2)C=CC2=C1OC(N1CCOCC1)=CC2=O,-4279.10338
CC(C)(C)NCC(O)C1=CC(CO)=C(O)C=C1,-2953.07852
CN(C)C(=O)CCC(=O)N(C)C,-2162.5638
CCOC(=O)C1=CC=C(N)C=C1,-2031.17329
CCC1(CC)CCC(=O)N(CO)C1=O,-2531.59373
CCC1(CC)C(=O)NC(=O)N(CO)C1=O,-2850.01998
NC1=NC2=C(C=N1)N=CN2CCC(CO)CO,-2952.05762
O=C1C2=C(C=CC(CCCCO)=C2)OCC2=C1SC=C2,-3243.46909
CCC1(C2=CC3CCC(C2)C3)C(=O)NC(=O)NC1=O,-3222.57024
O=C(CS)NC1=CC=C2C=CC=CC2=C1,-2280.79923
O=C(O)C1=C(C(=O)C2=CC=C(Cl)C=C2)C=CC=C1,-2993.65165
C=CC1(C=C)C(=O)NC(=O)NC1=O,-2348.91982
CCCOC(=O)C1=CC=C(NC(C)=O)C=C1,-2749.51687
C=CC1(C(C)C)C(=O)NC(=O)NC1=O,-2526.7746
C=CC1(CC(C)C)C(=O)NC(=O)NC1=O,-2676.75265
CCOC(=O)OCOC1=CC=C(NC(C)=O)C=C1,-3339.24856
CCC(=O)OCN1C(=O)NC(C2=CC=CC=C2)(C2=CC=CC=C2)C1=O,-4130.68809
CCCC(=O)OCN1C(=O)NC(C2=CC=CC=C2)(C2=CC=CC=C2)C1=O,-4280.72699
CCCCC(=O)OCN1C(=O)NC(C2=CC=CC=C2)(C2=CC=CC=C2)C1=O,-4430.62112
CCCCCC(=O)OCN1C(=O)C(NC1=O)(C2=CC=CC=C2)C3=CC=CC=C3,-4580.60108
NC1=NC(=O)N(C2CCC(CO)O2)C=C1,-2726.03158
CC(=O)OC1C2=C(C=CC=C2)N(C(N)=O)C2=C(C=CC=C2)C1OC(C)=O,-4426.3001
COC(=O)C(NC(=O)C(Cl)Cl)C(C)O,-2910.36372
O=C(NC(CO)C(=O)O)C(Cl)Cl,-2610.60749
O=C(OCC(=O)N1CCC1)C1=CC=CC=C1,-2720.82779
CC(C)NC(=O)COC(=O)C1=CC=CC=C1,-2749.01952
CCCCNC(=O)COC(=O)C1=CC=CC=C1,-2898.86205
O=C(OCC(=O)N1CCCC1)C1=CC=CC=C1,-2871.56427
CN(C)C(=O)CCCOC(=O)C1=CC=CC=C1,-2898.77008
CC(=O)N(C)C(=O)COC(=O)C1=CC=CC=C1,-3017.39556
CC(C)CN(CC(C)C)C(=O)COC(=O)C1=CC=CC=C1,-3498.57156
CCC1CCCCN1C(=O)COC(=O)C1=CC=CC=C1,-3321.36521
CC1CCCC(C)N1C(=O)COC(=O)C1=CC=CC=C1,-3321.43237
O=C(OCC(=O)N1CCCCCC1)C1=CC=CC=C1,-3171.25893
O=C(COC(=O)C1=CC=CC=C1)NC1CCCCC1,-3171.70187
O=C(OCC(=O)N1CCC(O)CC1)C1=CC=CC=C1,-3316.77018
CC(O)CN(CC(C)O)C(=O)COC(=O)C1=CC=CC=C1,-3789.3257
CCC(=O)OCSC1=NC=NC2=C1N=CN2,-2752.19542
O=C(COC(=O)C1=CC=CC=C1)NC(CO)(CO)CO,-3784.72242
CC(NC(=O)COC(=O)C1=CC=CC=C1)C(N)=O,-3217.5259
CCCC(=O)OCSC1=NC=NC2=C1N=CN2,-2902.21846
COCCN(CCOC)C(=O)COC(=O)C1=CC=CC=C1,-3787.98316
CCCCC(=O)OCSC1=NC=NC2=C1N=CN2,-3052.15614
CCCCCC(=O)OCSC1=NC=NC2=C1N=CN2,-3202.1048
COC(=O)C1CCCN1C(=O)COC(=O)C1=CC=CC=C1,-3734.8317
O=C(OCC(=O)N(C1CCCCC1)C1CCCCC1)C1=CC=CC=C1,-4043.79104
CCCCCCCC(=O)OCSC1=NC=NC2=C1N=CN2,-3501.9824
CCOC(=O)C(C)C1=CC2=CC=C(OC)C=C2C=C1,-3094.33524
CCCOC(=O)C(C)C1=CC2=CC=C(OC)C=C2C=C1,-3244.3149
CCCCOC(=O)C(C)C1=CC=C2C=C(OC)C=CC2=C1,-3394.2529
COC1=CC=C2C=C(C(C)C(=O)OCCO)C=CC2=C1,-3389.51312
COC1=CC2=C(C=C1)C=C(C(C)C(=O)OC(C)(C)C)C=C2,-3394.56311
CCCCCOC(=O)C(C)C1=CC2=CC=C(OC)C=C2C=C1,-3544.1599
COC1=CC=C2C=C(C(C)C(=O)OCC(C)O)C=CC2=C1,-3539.56165
COC1=CC2=CC=C(C(C)C(=O)OCCCO)C=C2C=C1,-3539.41779
CCCCCCOC(=O)C(C)C1=CC=C2C=C(OC)C=CC2=C1,-3694.16893
CCCCCCCOC(=O)C(C)C1=CC=C2C=C(OC)C=CC2=C1,-3844.0816
COC1=CC=C2C=C(C(C)C(=O)OCC(C)=O)C=CC2=C1,-3512.39521
CCC#CCCOC(=O)C(C)C1=CC=C2C=C(OC)C=CC2=C1,-3638.57663
COC1=CC=C2C=C(C(C)C(=O)OCC(O)CO)C=CC2=C1,-3834.74186
COC1=CC=C2C=C(C(C)C(=O)OC3CCCCC3O)C=CC2=C1,-3962.39623
CCCCCCCC(=O)OC1C(C(O)CO)OC2OC(C)(C)OC21,-4561.90986
COC1=CC=C2C=C(C(C)C(=O)OC3CCCCC3=O)C=CC2=C1,-3935.13225
CCC=CCCOC(=O)C(C)C1=CC=C2C=C(OC)C=CC2=C1,-3666.37334
COC1=CC2=C(C=C1)C=C(C(C)C(=O)OC1COC3C(O)COC13)C=C2,-4524.1688
CCOC1=CC=C(NC(=O)NC2=CC=C(OCC)C=C2)C=C1,-3616.39885
CCCOCC(=NC1=C(C(F)(F)F)C=C(Cl)C=C1)N1C=CN=C1,-4562.30722
CC1=COC2=CC3=C(C=C(N)C(=O)O3)C=C12,-2666.59847
COC1=CC2=C(C=C3OC=C(C)C3=C2)OC1=O,-2911.47482
COC(=O)C1=CC2=C(OC1=O)C(C)=C1OC=C(C)C1=C2,-3480.18999
CC(=O)OCN1C(=O)NC(C2=CC=CC=C2)(C2=CC=CC=C2)C1=O,-3980.75882
CN(C)C(=O)COC(=O)C1CCN2C(C(=O)C3=CC=CC=C3)=CC=C12,-4156.68802
COC(=O)C1=C(O)C=CC(CCC2=C(OC)C=CC(OC)=C2)=C1,-3957.10602
C=CCN1C=NC2=C1N=C(NC1=CC=CC=C1)NC2=O,-3119.97644
CCC1C(N)CN1C1=CC2=C(C=C1F)C(=O)C(C(=O)O)=CN2C1CC1,-4389.92058
CNC1CN(C2=CC3=C(C=C2F)C(=O)C(C(=O)O)=CN3C2CC2)C1C,-4389.70667
CC1N(C2=CC3=C(C=C2F)C(=O)C(C(=O)O)=CN3C2CC2)CC1(C)N,-4389.74369
CC1C(N)CN1C1=C(Cl)C2=C(C=C1F)C(=O)C(C(=O)O)=CN2C1CC1,-4493.24841
CC1C(N)CN1C1=C(F)C2=C(C(=O)C(C(=O)O)=CN2C2CC2)C(N)=C1F,-4891.68329
CNC1CN(C2=C(F)C3=C(C=C2F)C(=O)C(C(=O)O)=CN3C2CC2)C1C,-4841.60372
CCC1C(N)CN1C1=C(F)C2=C(C=C1F)C(=O)C(C(=O)O)=CN2C1CC1,-4841.465
CC1N(C2=C(F)C3=C(C=C2F)C(=O)C(C(=O)O)=CN3C2CC2)CC1(C)N,-4841.68096
CC1C(N)CN1C1=CC2=C(C=C1F)C(=O)C(C(=O)O)=CN2C1CC1,-4239.95128
CC1C(N)CN1C1=C(F)C2=C(C=C1F)C(=O)C(C(=O)O)=CN2C1CC1,-4691.81943
CC12CCC(=O)C=C1CCC1C2CCC2(C)C(OC(=O)C(CO)CO)CCC12,-4762.16075
OCC1OC(N2C(C3=CC=CO3)=NC3=C2C=CC=C3)C(O)C1O,-4028.47792
OCC1OC(N2C(C3=CC=CO3)=NC3=C2C=CC=C3)C(O)C(O)C1O,-4473.36828
CCCCCCCCSC1C(O)C(O)OC(CO)C1O,-3752.34522
CC(O)C1C(=O)N2C(C(=O)O)=C(SCC(=N)N(C)C)C(C)C12,-3918.71181
CC1=C(N)C=CC(N=NC2=C(C)C=CC=C2)=C1,-2479.56
CN(C)C1=CC=C(N=NC2=CC=CC=C2)C=C1,-2478.76571
CC1NC(=O)C2=C(C=CC=C2)NC1=O,-2326.83526
CC1=CC=C(N=NC2=C(N)C=CC(C)=C2)C=C1,-2479.66073
O=C1CNC(=O)C2=C(C=CC(Cl)=C2)N1,-2430.32956
BrC1=CC=CC(NC2=NC=NC3=CC4=C(C=NN4)C=C32)=C1,-3129.17558
CCN1C=C(C(=O)O)C(=O)C2=C1N=C(C)C=C2,-2894.75111
C=CC1(C(C)CCC)C(=O)NC(=O)NC1=O,-2826.75262
BrC1=CC=CC(NC2=NC=NC3=CC4=C(C=CN4)C=C32)=C1,-3079.96667
CCCCC(CO[N+](=O)O)O[N+](=O)O,-3063.15981
CN1C(=O)CN=C(C2=CC=CC=C2)C2=C1C=CC(Cl)=C2,-3074.70294
CN(C)C1=CC=C(N=NC2=CC=C(S(=O)(=O)O)C=C2)C=C1,-3541.70389
C1C(=O)NC2=C(C=C(C=C2)[N+](=O)[O-])C(=N1)C3=CC=CC=C3,-3431.92735
O=C1NC(C2=CC=CC=C2)(C2=CC=CC=C2)C(=O)N1CO,-3412.56846
C1C(=O)NC2=C(C=C(C=C2)[N+](=O)[O-])C(=N1)C3=CC=CC=C3Cl,-3685.60376
CCCC(CCC)C(=O)NCCCC(=O)O,-2858.63314
CC1=CC(C)=C(N=CN(C)C=NC2=C(C)C=C(C)C=C2)C=C1,-3202.49327
CN1C=CC2=C1C=C1N=CN=C(NC3=CC(Br)=CC=C3)C1=C2,-3229.72948
CN1N=CC2=C1C=C1N=CN=C(NC3=CC(Br)=CC=C3)C1=C2,-3278.9132
O=C(O)CN1C=CC2=C1C=C1N=CN=C(NC3=CC(Br)=CC=C3)C1=C2,-3943.44706
CCN(C(N)=O)C1=CC=C(OC)C=C1,-2380.56864
CCC1=CC=C(C(=O)NN(C(=O)C2=CC(C)=CC(C)=C2)C(C)(C)C)C=C1,-4043.68958
C1=CC(=C(C=C1C(=O)O)[N+](=O)[O-])Cl,-2545.24339
O=C1NC(=O)N(CC2=CC=CC=C2)C=C1F,-2901.41286
ClC1=CC(Cl)=C(C(CN2C=CN=C2)OCC2=C(Cl)C=CC(Cl)=C2)C=C1,-4134.46999
OCC1OCOC2COCOC12,-2497.87815
CCCC(CO[N+](=O)O)O[N+](=O)O,-2913.30679
CC(CCCO[N+](=O)O)O[N+](=O)O,-2913.38748
CC(CCCCO[N+](=O)O)O[N+](=O)O,-3063.33172
C1CC(CC(C1)O[N+](=O)[O-])O[N+](=O)[O-],-3009.23483
CN1CCN(CC2=CN=C(Cl)C=C2)C1=NC#N,-2709.63677
C1CCC(C(C1)O[N+](=O)O)O[N+](=O)O,-3036.23073
N#CN=C1NCCN1CC1=CN=C(Cl)C=C1,-2559.8615
C1CCC(C(CC1)O[N+](=O)[O-])O[N+](=O)[O-],-3158.72444
CCN(CC)CCSC1=NC2=C(N=N1)NC1=C2C=CC=C1,-3205.42392
NC1=NC2=C(C=N1)N=CN2CCC1COC(=O)OC1,-3342.8794
O=C(NC(=O)C1=C(F)C=CC=C1F)NC1=C(F)C(Cl)=C(F)C(Cl)=C1,-5160.04424
CS(=O)(=O)C1=CC=C(C2=C(C3=CC=CC=C3)C(=O)OC2)C=C1,-3634.11231
CN1C=NC=C1CC(N)C(=O)O,-2157.55912
OCC1OC2OC(C(Cl)(Cl)Cl)OC2C1O,-3258.61612
O=C(O)C1CCC(C(=O)O)SS1,-2381.11472
COC1=NC=C(NC(=O)C2CC2)C=C1,-2352.35113
NS(=O)(=O)C1=C(Cl)C=C(NCC2=CC=CO2)C(C(=O)O)=C1,-3914.72082
CCOC(=O)C(CCC1=CC=CC=C1)NC(C)CN1CCCC1C(=O)O,-4416.30851
CCOC(=O)C(CCC1=CC=CC=C1)NC(C)C(=O)N1CCCC1C(=O)O,-4684.86821
O=C1OC(C(O)C(O)CO)C(O)C1O,-3089.32382
OCC1OC(OCCC2=C3C=CC=CC3=CC=C2)C(O)C(O)C1O,-4279.64343
CCC1(C2=CC=CC=C2)NC(=O)NC1=O,-2476.79625
OC1COC(OC2=CC=CC=C2)C(O)C1O,-3016.22751
CC1(C)OCC(COC(=O)C2=C(C(=O)O)C=CC=C2)O1,-3707.93019
O=C(O)CCCC1CCCC2NC(=O)NC12,-2854.21773
NC(CC1=CNC2=C1C=CC=C2)C(=O)O,-2476.31919
C1=C(OC(=C1)[N+](=O)[O-])C=NNC(=O)N,-2739.47571
CCCC(C)C1(CC)C(=O)NC(=O)NC1=O,-2854.58384
CC1NC(=O)C2=C(C=CC=C2)N(CC(O)C(O)C(O)CO)C1=O,-4257.50207
O=C1NCC(=O)N(CC(O)C(O)C(O)CO)C2=C1C=CC=C2,-4107.50953
CC1=C(C(=O)O)C=C(C(O)C(O)C(O)CO)O1,-3484.71436
OCC1OC(OC2=CC=CC=C2)C(O)C(O)C1O,-3461.52458
CC(O)C(O)C1=NC2=C(N=C1)N=C(N)NC2=O,-3070.85029
COC1=CC2=CC=C(C(C)C(=O)OCCN3CCNCC3)C=C2C=C1,-4065.66567
COC1=CC2=CC=C(C(C)C(=O)OCCN3CCN(C)CC3)C=C2C=C1,-4215.23554
COC1=CC2=CC=C(C(C)C(=O)OCCCCN3CCOCC3)C=C2C=C1,-4460.99632
COC1=C(C=C(C=C1)[N+](=O)[O-])N,-2222.8533
COC1=CC=C2C=C(C(C)C(=O)OCCCCN3CCN(C)CC3)C=CC2=C1,-4515.35258
O=C1NC2=C(C=CC=C2)C(=O)N2CCCC12,-2599.44484
O=C1NC2=C(C=C(Cl)C=C2)C(=O)N2CCCC12,-2852.94324
CNC(=NC#N)NCCSCC1=C(C)NC=N1,-2737.48922
O=C1NC2=C(C=CC=C2)C(=O)N2CC(O)CC12,-2894.88002
CC1=C2C(O)C3C(CC(C)C2CC1=O)OC(=O)C3C,-3294.54016
CC(=O)NC(CC1=CNC2=C1C=CC=C2)C(=O)O,-3044.88806
CCOC(=O)C1=CC2(CC)CCCN3CCC4=C(C32)N1C1=C4C=CC=C1,-4015.44424
ClC1=C(Cl)C2(Cl)C3C4OC4C(Cl)C3C1(Cl)C2(Cl)Cl,-3457.86757
C1=CC=C(C2=CN=C(C3=CC=C(CN4CCOCC4)C=C3)O2)C=C1,-3687.89765
CCOC(=O)CCC(=O)OCC,-2353.98272
CN1CC(O)C2=CC(=NNC(N)=O)C(=O)C=C21,-3020.16384
C1=CC(=CC(=C1)[N+](=O)[O-])C(=O)O,-2291.87304
CN(C)N=NC1=CC=C(C(=O)O)C=C1,-2401.99881
NC(CC1=CNC2=C1C=CC=C2)C(=O)NCC(=O)O,-3244.38728
NC1=NC(=O)N(C2CC(F)C(CO)O2)C=C1,-3178.08698
O=C(O)C1=C(Cl)C=C(N=NC2=CC=C(O)C=C2)C=C1,-3242.33264
C1=CC(=CC(=C1)OC2C(C(C(C(O2)CO)O)O)O)[N+](=O)[O-],-4222.02485
O=C(O)C1CN2CCC1CC2C(O)C1=CC=NC2=C1C=CC=C2,-3739.44537
C1=CC=C(C(=C1)NN=C2C=CC(=O)C(=C2)C(=O)O)[N+](=O)[O-],-3748.64227
COCC1COC2=C(C=C3C(=C2)N=CN=C3NC2=CC(Br)=CC=C2)O1,-4092.54919
CC(=O)OC1C2C(CC(C)C3C=CC(=O)C31C)OC(=O)C2C,-3862.16442
COCC1COC2=C(C=C3C(=C2)N=CN=C3NC2=CC(I)=CC=C2)O1,-4093.44188
NC1=CC=C(S(=O)(=O)NC2=CC=C(S(N)(=O)=O)C=C2)C=C1,-3742.98522
O=C(O)C1CCC(=O)N1CN1C(=O)CCC1C(=O)O,-3686.07357
COC1=CC=C(CC2NC(=O)N(C(C)C(=O)O)C2=O)C=C1,-3785.38502
CC(C)C(NS(=O)(=O)C1=CC=C(F)C=C1)C(=O)NC1CCOC1O,-4618.24165
CC(C)CC(NC(=S)NC1=CC=CC=C1)C(=O)NC1CCOC1O,-4047.76023
COC1=CC(=O)C2(OC3=C(C2=O)C(OC)=CC(OC)=C3Cl)C(C)C1,-4355.03686
CC(C)CC(N)C(=O)NC(CC1=CNC2=C1C=CC=C2)C(=O)O,-3844.10823
COC1=CC2=C(C=C1)N=CC=C2C(O)C1CC2CCN1CC2C(=O)O,-4184.40823
COC1=CC(OC)=C(Cl)C2=C1C(=O)C1(O2)C(C)CC(O)CC1O,-4260.3609
COC1=CC(OC)=C(Cl)C2=C1C(=O)C1(O2)C(OC)=CC(=O)CC1C,-4355.14865
CC12CCC(O)CC1CCC1C2CCC2(C)C(C3=CC(=O)OC3)CCC12O,-4466.55019
C1=CC=C(N=NC2=CC=CC=C2)C=C1,-1979.54768
OC1=CC=C(N=NC2=CC=CC=C2)C=C1,-2274.85447
OC1=CC(O)=C(N=NC2=CC=CC=C2)C=C1,-2570.42844
O=C1C(O)C2CC3N1CCC31C3=C(C=CC=C3)N3C(=O)C=CC2C31,-3834.95884
O=C(O)C1=CC=C(N=NC2=CC=C(O)C=C2)C=C1,-2988.77213
O=C(O)C1=C(O)C=CC(N=NC2=CC=CC=C2)=C1,-2988.94413
OCC(O)C(O)C1=NN(C2=CC=CC=C2)C2=C1N=C1C=CC=CC1=N2,-4055.35471
CC1(C)SC2C(NC(=O)COC3=CC=CC=C3)C(=O)N2C1C(=O)O,-4233.7075
C1=CC(=CC=C1C(=O)O)[N+](=O)[O-],-2291.86435
CC(C)C1OC(O)C(CC2=CC=CC=C2)NC1=O,-3049.00474
CC(C)CC1OC(O)C(CC2=CC=CC=C2)NC1=O,-3198.90333
CC(=O)NS(=O)(=O)C1=CC=C(N)C=C1,-2553.5509
NNC(=O)C1=CC=C(C(=O)NN)C=C1,-2452.05993
CC(NC(=O)C(N)C1=CC=CC=C1)C1=CC=CC=C1,-2875.80063
O=C1NC(=O)C(Cl)=C(CN2CCCC2)N1,-2684.63005
O=C1NC(=O)C(Br)=C(CN2CCCC2)N1,-2639.90692
CC(=O)OCC1OC(OC(C)=O)C(OC(C)=O)C(OC(C)=O)C1OC(C)=O,-5512.77382
CNCCC(OC1=CC=C(C(F)(F)F)C=C1)C1=CC=CC=C1,-4209.83862
O=C(O)C(O)(CO)CC(O)CO,-2671.66792
